FileName,SPDXID,LicenseConcluded,LicenseComment,LicenseInfoInFile,FileCopyrightText
PackageName: libnl-libnl3_9_0.tar.gz - PackageFileName: libnl-libnl3_9_0.tar.gz
libnl-libnl3_9_0.tar.gz/libnl-libnl3_9_0.tar/libnl-libnl3_9_0/lib/route/cls/ematch/nbyte.c,SPDXRef-item38698,"LGPL-2.1-only",,"  
  LGPL-2.1-only",NOASSERTION
libnl-libnl3_9_0.tar.gz/libnl-libnl3_9_0.tar/libnl-libnl3_9_0/lib/route/act/mirred.c,SPDXRef-item38713,"LGPL-2.1-only",,"  
  LGPL-2.1-only",NOASSERTION
libnl-libnl3_9_0.tar.gz/libnl-libnl3_9_0.tar/libnl-libnl3_9_0/src/nl-addr-add.c,SPDXRef-item38517,"LGPL-2.1-only",,"  
  LGPL-2.1-only",NOASSERTION
libnl-libnl3_9_0.tar.gz/libnl-libnl3_9_0.tar/libnl-libnl3_9_0/src/nl-addr-delete.c,SPDXRef-item38516,"LGPL-2.1-only",,"  
  LGPL-2.1-only",NOASSERTION
libnl-libnl3_9_0.tar.gz/libnl-libnl3_9_0.tar/libnl-libnl3_9_0/lib/route/neightbl.c,SPDXRef-item38653,"LGPL-2.1-only",,"  
  LGPL-2.1-only",NOASSERTION
libnl-libnl3_9_0.tar.gz/libnl-libnl3_9_0.tar/libnl-libnl3_9_0/include/linux-private/linux/netconf.h,SPDXRef-item38990,"GPL-2.0-only-WITH-Linux-syscall-note",,NOASSERTION,NOASSERTION
libnl-libnl3_9_0.tar.gz/libnl-libnl3_9_0.tar/libnl-libnl3_9_0/src/nl-qdisc-add.c,SPDXRef-item38490,"LGPL-2.1-only",,"  
  LGPL-2.1-only",NOASSERTION
libnl-libnl3_9_0.tar.gz/libnl-libnl3_9_0.tar/libnl-libnl3_9_0/include/netlink/route/qdisc/red.h,SPDXRef-item38820,"LGPL-2.1-only",,"  
  LGPL-2.1-only",NOASSERTION
libnl-libnl3_9_0.tar.gz/libnl-libnl3_9_0.tar/libnl-libnl3_9_0/tests/test-create-ipgretap.c,SPDXRef-item38462,"LGPL-2.1-only",,"  
  LGPL-2.1-only",NOASSERTION
libnl-libnl3_9_0.tar.gz/libnl-libnl3_9_0.tar/libnl-libnl3_9_0/lib/route/cls/ematch.c,SPDXRef-item38702,"LGPL-2.1-only",,"  
  LGPL-2.1-only",NOASSERTION
libnl-libnl3_9_0.tar.gz/libnl-libnl3_9_0.tar/libnl-libnl3_9_0/include/netlink/route/link/veth.h,SPDXRef-item38844,"LGPL-2.1-only",,"  
  LGPL-2.1-only",NOASSERTION
libnl-libnl3_9_0.tar.gz/libnl-libnl3_9_0.tar/libnl-libnl3_9_0/src/nf-ct-list.c,SPDXRef-item38524,"LGPL-2.1-only",,"  
  LGPL-2.1-only",NOASSERTION
libnl-libnl3_9_0.tar.gz/libnl-libnl3_9_0.tar/libnl-libnl3_9_0/include/linux-private/linux/netfilter/nfnetlink_log.h,SPDXRef-item38982,"GPL-2.0-only-WITH-Linux-syscall-note",,NOASSERTION,NOASSERTION
libnl-libnl3_9_0.tar.gz/libnl-libnl3_9_0.tar/libnl-libnl3_9_0/lib/cli/qdisc/pfifo.c,SPDXRef-item38762,"LGPL-2.1-only",,"  
  LGPL-2.1-only",NOASSERTION
libnl-libnl3_9_0.tar.gz/libnl-libnl3_9_0.tar/libnl-libnl3_9_0/tests/test-create-vxlan.c,SPDXRef-item38451,"LGPL-2.1-only",,"  
  LGPL-2.1-only",NOASSERTION
libnl-libnl3_9_0.tar.gz/libnl-libnl3_9_0.tar/libnl-libnl3_9_0/include/linux-private/linux/if_bridge.h,SPDXRef-item39010,"GPL-2.0-or-later-WITH-Linux-syscall-note",,NOASSERTION,NOASSERTION
libnl-libnl3_9_0.tar.gz/libnl-libnl3_9_0.tar/libnl-libnl3_9_0/lib/route/link/vlan.c,SPDXRef-item38660,"LGPL-2.1-only",,"  
  LGPL-2.1-only",NOASSERTION
libnl-libnl3_9_0.tar.gz/libnl-libnl3_9_0.tar/libnl-libnl3_9_0/include/netlink/cli/tc.h,SPDXRef-item38930,"LGPL-2.1-only",,"  
  LGPL-2.1-only",NOASSERTION
libnl-libnl3_9_0.tar.gz/libnl-libnl3_9_0.tar/libnl-libnl3_9_0/include/netlink/netlink-compat.h,SPDXRef-item38897,"LGPL-2.1-only",,"  
  LGPL-2.1-only",NOASSERTION
libnl-libnl3_9_0.tar.gz/libnl-libnl3_9_0.tar/libnl-libnl3_9_0/lib/cli/cls/basic.c,SPDXRef-item38771,"LGPL-2.1-only",,"  
  LGPL-2.1-only",NOASSERTION
libnl-libnl3_9_0.tar.gz/libnl-libnl3_9_0.tar/libnl-libnl3_9_0/src/nl-qdisc-list.c,SPDXRef-item38488,"LGPL-2.1-only",,"  
  LGPL-2.1-only",NOASSERTION
libnl-libnl3_9_0.tar.gz/libnl-libnl3_9_0.tar/libnl-libnl3_9_0/include/linux-private/linux/netdevice.h,SPDXRef-item38989,"GPL-2.0-or-later-WITH-Linux-syscall-note",,NOASSERTION,NOASSERTION
libnl-libnl3_9_0.tar.gz/libnl-libnl3_9_0.tar/libnl-libnl3_9_0/lib/netfilter/log_obj.c,SPDXRef-item38727,"LGPL-2.1-only",,"  
  LGPL-2.1-only",NOASSERTION
libnl-libnl3_9_0.tar.gz/libnl-libnl3_9_0.tar/libnl-libnl3_9_0/include/nl-priv-dynamic-core/cache-api.h,SPDXRef-item38787,"LGPL-2.1-only",,"  
  LGPL-2.1-only",NOASSERTION
libnl-libnl3_9_0.tar.gz/libnl-libnl3_9_0.tar/libnl-libnl3_9_0/include/linux-private/linux/xfrm.h,SPDXRef-item38949,"GPL-2.0-only-WITH-Linux-syscall-note",,NOASSERTION,NOASSERTION
libnl-libnl3_9_0.tar.gz/libnl-libnl3_9_0.tar/libnl-libnl3_9_0/include/netlink/route/qdisc/sfq.h,SPDXRef-item38819,"LGPL-2.1-only",,"  
  LGPL-2.1-only",NOASSERTION
libnl-libnl3_9_0.tar.gz/libnl-libnl3_9_0.tar/libnl-libnl3_9_0/include/netlink/handlers.h,SPDXRef-item38917,"LGPL-2.1-only",,"  
  LGPL-2.1-only",NOASSERTION
libnl-libnl3_9_0.tar.gz/libnl-libnl3_9_0.tar/libnl-libnl3_9_0/lib/netfilter/ct.c,SPDXRef-item38734,"LGPL-2.1-only",,"  
  LGPL-2.1-only",NOASSERTION
libnl-libnl3_9_0.tar.gz/libnl-libnl3_9_0.tar/libnl-libnl3_9_0/include/netlink/version.h.in,SPDXRef-item38807,"LGPL-2.1-only",,"  
  LGPL-2.1-only",NOASSERTION
libnl-libnl3_9_0.tar.gz/libnl-libnl3_9_0.tar/libnl-libnl3_9_0/lib/handlers.c,SPDXRef-item38747,"LGPL-2.1-only",,"  
  LGPL-2.1-only",NOASSERTION
libnl-libnl3_9_0.tar.gz/libnl-libnl3_9_0.tar/libnl-libnl3_9_0/include/linux-private/linux/sock_diag.h,SPDXRef-item38968,"GPL-2.0-only-WITH-Linux-syscall-note",,NOASSERTION,NOASSERTION
libnl-libnl3_9_0.tar.gz/libnl-libnl3_9_0.tar/libnl-libnl3_9_0/include/linux-private/linux/if_tunnel.h,SPDXRef-item39005,"GPL-2.0-only-WITH-Linux-syscall-note",,NOASSERTION,NOASSERTION
libnl-libnl3_9_0.tar.gz/libnl-libnl3_9_0.tar/libnl-libnl3_9_0/lib/fib_lookup/request.c,SPDXRef-item38755,"LGPL-2.1-only",,"  
  LGPL-2.1-only",NOASSERTION
libnl-libnl3_9_0.tar.gz/libnl-libnl3_9_0.tar/libnl-libnl3_9_0/lib/route/link/team.c,SPDXRef-item38662,"LGPL-2.1-only",,"  
  LGPL-2.1-only",NOASSERTION
libnl-libnl3_9_0.tar.gz/libnl-libnl3_9_0.tar/libnl-libnl3_9_0/tests/nl-test-util.h,SPDXRef-item38471,"LGPL-2.1-only",,"  
  LGPL-2.1-only",NOASSERTION
libnl-libnl3_9_0.tar.gz/libnl-libnl3_9_0.tar/libnl-libnl3_9_0/lib/route/tc-api.h,SPDXRef-item38620,"LGPL-2.1-only",,"  
  LGPL-2.1-only",NOASSERTION
libnl-libnl3_9_0.tar.gz/libnl-libnl3_9_0.tar/libnl-libnl3_9_0/src/nl-class-list.c,SPDXRef-item38512,"LGPL-2.1-only",,"  
  LGPL-2.1-only",NOASSERTION
libnl-libnl3_9_0.tar.gz/libnl-libnl3_9_0.tar/libnl-libnl3_9_0/include/netlink/cli/route.h,SPDXRef-item38932,"LGPL-2.1-only",,"  
  LGPL-2.1-only",NOASSERTION
libnl-libnl3_9_0.tar.gz/libnl-libnl3_9_0.tar/libnl-libnl3_9_0/src/nl-neigh-delete.c,SPDXRef-item38495,"LGPL-2.1-only",,"  
  LGPL-2.1-only",NOASSERTION
libnl-libnl3_9_0.tar.gz/libnl-libnl3_9_0.tar/libnl-libnl3_9_0/lib/netfilter/queue_msg_obj.c,SPDXRef-item38721,"LGPL-2.1-only",,"  
  LGPL-2.1-only",NOASSERTION
libnl-libnl3_9_0.tar.gz/libnl-libnl3_9_0.tar/libnl-libnl3_9_0/lib/idiag/idiag_meminfo_obj.c,SPDXRef-item38743,"LGPL-2.1-only",,"  
  LGPL-2.1-only",NOASSERTION
libnl-libnl3_9_0.tar.gz/libnl-libnl3_9_0.tar/libnl-libnl3_9_0/lib/route/nl-route.h,SPDXRef-item38646,"LGPL-2.1-only",,"  
  LGPL-2.1-only",NOASSERTION
libnl-libnl3_9_0.tar.gz/libnl-libnl3_9_0.tar/libnl-libnl3_9_0/include/linux-private/linux/if_ether.h,SPDXRef-item39009,"GPL-2.0-or-later-WITH-Linux-syscall-note",,NOASSERTION,NOASSERTION
libnl-libnl3_9_0.tar.gz/libnl-libnl3_9_0.tar/libnl-libnl3_9_0/include/netlink/cli/exp.h,SPDXRef-item38938,"LGPL-2.1-only",,"  
  LGPL-2.1-only",NOASSERTION
libnl-libnl3_9_0.tar.gz/libnl-libnl3_9_0.tar/libnl-libnl3_9_0/include/linux-private/linux/tc_ematch/tc_em_cmp.h,SPDXRef-item38957,"GPL-2.0-only-WITH-Linux-syscall-note",,NOASSERTION,NOASSERTION
libnl-libnl3_9_0.tar.gz/libnl-libnl3_9_0.tar/libnl-libnl3_9_0/include/linux-private/linux/netfilter/nfnetlink_queue.h,SPDXRef-item38981,"GPL-2.0-only-WITH-Linux-syscall-note",,NOASSERTION,NOASSERTION
libnl-libnl3_9_0.tar.gz/libnl-libnl3_9_0.tar/libnl-libnl3_9_0/lib/hashtable.c,SPDXRef-item38745,"LGPL-2.1-only",,"  
  LGPL-2.1-only",NOASSERTION
libnl-libnl3_9_0.tar.gz/libnl-libnl3_9_0.tar/libnl-libnl3_9_0/src/nl-qdisc-delete.c,SPDXRef-item38489,"LGPL-2.1-only",,"  
  LGPL-2.1-only",NOASSERTION
libnl-libnl3_9_0.tar.gz/libnl-libnl3_9_0.tar/libnl-libnl3_9_0/src/nl-route-delete.c,SPDXRef-item38486,"LGPL-2.1-only",,"  
  LGPL-2.1-only",NOASSERTION
libnl-libnl3_9_0.tar.gz/libnl-libnl3_9_0.tar/libnl-libnl3_9_0/include/linux-private/linux/if_vlan.h,SPDXRef-item39004,"GPL-2.0-or-later-WITH-Linux-syscall-note",,NOASSERTION,NOASSERTION
libnl-libnl3_9_0.tar.gz/libnl-libnl3_9_0.tar/libnl-libnl3_9_0/include/netlink/netfilter/exp.h,SPDXRef-item38905,"LGPL-2.1-only",,"  
  LGPL-2.1-only",NOASSERTION
libnl-libnl3_9_0.tar.gz/libnl-libnl3_9_0.tar/libnl-libnl3_9_0/src/nl-route-add.c,SPDXRef-item38487,"LGPL-2.1-only",,"  
  LGPL-2.1-only",NOASSERTION
libnl-libnl3_9_0.tar.gz/libnl-libnl3_9_0.tar/libnl-libnl3_9_0/include/netlink/route/mdb.h,SPDXRef-item38838,"LGPL-2.1-only",,"  
  LGPL-2.1-only",NOASSERTION
libnl-libnl3_9_0.tar.gz/libnl-libnl3_9_0.tar/libnl-libnl3_9_0/include/netlink/route/qdisc/cbq.h,SPDXRef-item38830,"LGPL-2.1-only",,"  
  LGPL-2.1-only",NOASSERTION
libnl-libnl3_9_0.tar.gz/libnl-libnl3_9_0.tar/libnl-libnl3_9_0/tests/test-create-xfrmi.c,SPDXRef-item38450,"LGPL-2.1-only",,"  
  LGPL-2.1-only",NOASSERTION
libnl-libnl3_9_0.tar.gz/libnl-libnl3_9_0.tar/libnl-libnl3_9_0/src/lib/class.c,SPDXRef-item38539,"LGPL-2.1-only",,"  
  LGPL-2.1-only",NOASSERTION
libnl-libnl3_9_0.tar.gz/libnl-libnl3_9_0.tar/libnl-libnl3_9_0/include/linux-private/linux/tc_act/tc_vlan.h,SPDXRef-item38959,"GPL-2.0-or-later-WITH-Linux-syscall-note",,NOASSERTION,NOASSERTION
libnl-libnl3_9_0.tar.gz/libnl-libnl3_9_0.tar/libnl-libnl3_9_0/src/lib/qdisc.c,SPDXRef-item38532,"LGPL-2.1-only",,"  
  LGPL-2.1-only",NOASSERTION
libnl-libnl3_9_0.tar.gz/libnl-libnl3_9_0.tar/libnl-libnl3_9_0/include/linux-private/linux/netfilter.h,SPDXRef-item38988,"GPL-2.0-only-WITH-Linux-syscall-note",,NOASSERTION,NOASSERTION
libnl-libnl3_9_0.tar.gz/libnl-libnl3_9_0.tar/libnl-libnl3_9_0/lib/route/nh_encap_mpls.c,SPDXRef-item38647,"LGPL-2.1-only",,"  
  LGPL-2.1-only",NOASSERTION
libnl-libnl3_9_0.tar.gz/libnl-libnl3_9_0.tar/libnl-libnl3_9_0/tests/test-create-geneve.c,SPDXRef-item38466,"LGPL-2.1-only",,"  
  LGPL-2.1-only",NOASSERTION
libnl-libnl3_9_0.tar.gz/libnl-libnl3_9_0.tar/libnl-libnl3_9_0/src/nl-link-ifindex2name.c,SPDXRef-item38505,"LGPL-2.1-only",,"  
  LGPL-2.1-only",NOASSERTION
libnl-libnl3_9_0.tar.gz/libnl-libnl3_9_0.tar/libnl-libnl3_9_0/include/netlink/route/cls/cgroup.h,SPDXRef-item38881,"LGPL-2.1-only",,"  
  LGPL-2.1-only",NOASSERTION
libnl-libnl3_9_0.tar.gz/libnl-libnl3_9_0.tar/libnl-libnl3_9_0/lib/route/link/ipvlan.c,SPDXRef-item38670,"LGPL-2.1-only",,"  
  LGPL-2.1-only",NOASSERTION
libnl-libnl3_9_0.tar.gz/libnl-libnl3_9_0.tar/libnl-libnl3_9_0/include/netlink/route/cls/ematch.h,SPDXRef-item38880,"LGPL-2.1-only",,"  
  LGPL-2.1-only",NOASSERTION
libnl-libnl3_9_0.tar.gz/libnl-libnl3_9_0.tar/libnl-libnl3_9_0/include/linux-private/linux/mpls_iptunnel.h,SPDXRef-item38992,"GPL-2.0-or-later-WITH-Linux-syscall-note",,NOASSERTION,NOASSERTION
libnl-libnl3_9_0.tar.gz/libnl-libnl3_9_0.tar/libnl-libnl3_9_0/lib/route/link/ipip.c,SPDXRef-item38671,"LGPL-2.1-only",,"  
  LGPL-2.1-only",NOASSERTION
libnl-libnl3_9_0.tar.gz/libnl-libnl3_9_0.tar/libnl-libnl3_9_0/src/nf-exp-list.c,SPDXRef-item38521,"LGPL-2.1-only",,"  
  LGPL-2.1-only",NOASSERTION
libnl-libnl3_9_0.tar.gz/libnl-libnl3_9_0.tar/libnl-libnl3_9_0/src/nl-cls-delete.c,SPDXRef-item38509,"LGPL-2.1-only",,"  
  LGPL-2.1-only",NOASSERTION
libnl-libnl3_9_0.tar.gz/libnl-libnl3_9_0.tar/libnl-libnl3_9_0/include/nl-priv-static-route/nl-priv-static-route.h,SPDXRef-item38779,"LGPL-2.1-only",,"  
  LGPL-2.1-only",NOASSERTION
libnl-libnl3_9_0.tar.gz/libnl-libnl3_9_0.tar/libnl-libnl3_9_0/src/nl-rule-list.c,SPDXRef-item38483,"LGPL-2.1-only",,"  
  LGPL-2.1-only",NOASSERTION
libnl-libnl3_9_0.tar.gz/libnl-libnl3_9_0.tar/libnl-libnl3_9_0/include/netlink/cli/mdb.h,SPDXRef-item38936,"LGPL-2.1-only",,"  
  LGPL-2.1-only",NOASSERTION
libnl-libnl3_9_0.tar.gz/libnl-libnl3_9_0.tar/libnl-libnl3_9_0/include/netlink/route/qdisc/htb.h,SPDXRef-item38825,"LGPL-2.1-only",,"  
  LGPL-2.1-only",NOASSERTION
libnl-libnl3_9_0.tar.gz/libnl-libnl3_9_0.tar/libnl-libnl3_9_0/lib/route/cls/ematch_syntax.y,SPDXRef-item38694,"LGPL-2.1-only",,"  
  LGPL-2.1-only",NOASSERTION
libnl-libnl3_9_0.tar.gz/libnl-libnl3_9_0.tar/libnl-libnl3_9_0/include/netlink/data.h,SPDXRef-item38927,"LGPL-2.1-only",,"  
  LGPL-2.1-only",NOASSERTION
libnl-libnl3_9_0.tar.gz/libnl-libnl3_9_0.tar/libnl-libnl3_9_0/lib/cache_mngr.c,SPDXRef-item38773,"LGPL-2.1-only",,"  
  LGPL-2.1-only",NOASSERTION
libnl-libnl3_9_0.tar.gz/libnl-libnl3_9_0.tar/libnl-libnl3_9_0/lib/route/qdisc/blackhole.c,SPDXRef-item38641,"LGPL-2.1-only",,"  
  LGPL-2.1-only",NOASSERTION
libnl-libnl3_9_0.tar.gz/libnl-libnl3_9_0.tar/libnl-libnl3_9_0/include/linux-private/linux/if_link.h,SPDXRef-item39008,"GPL-2.0-only-WITH-Linux-syscall-note",,NOASSERTION,NOASSERTION
libnl-libnl3_9_0.tar.gz/libnl-libnl3_9_0.tar/libnl-libnl3_9_0/include/netlink/route/link/macsec.h,SPDXRef-item38851,"LGPL-2.1-only",,"  
  LGPL-2.1-only",NOASSERTION
libnl-libnl3_9_0.tar.gz/libnl-libnl3_9_0.tar/libnl-libnl3_9_0/include/linux-private/linux/if_addr.h,SPDXRef-item39012,"GPL-2.0-only-WITH-Linux-syscall-note",,NOASSERTION,NOASSERTION
libnl-libnl3_9_0.tar.gz/libnl-libnl3_9_0.tar/libnl-libnl3_9_0/include/netlink/route/link/macvtap.h,SPDXRef-item38849,"LGPL-2.1-only",,"  
  LGPL-2.1-only",NOASSERTION
libnl-libnl3_9_0.tar.gz/libnl-libnl3_9_0.tar/libnl-libnl3_9_0/include/linux-private/linux/byteorder/little_endian.h,SPDXRef-item39026,"GPL-2.0-only-WITH-Linux-syscall-note",,NOASSERTION,NOASSERTION
libnl-libnl3_9_0.tar.gz/libnl-libnl3_9_0.tar/libnl-libnl3_9_0/tests/cksuite-all-ematch-tree-clone.c,SPDXRef-item38475,"LGPL-2.1-only",,"  
  LGPL-2.1-only",NOASSERTION
libnl-libnl3_9_0.tar.gz/libnl-libnl3_9_0.tar/libnl-libnl3_9_0/tests/test-create-ipip.c,SPDXRef-item38461,"LGPL-2.1-only",,"  
  LGPL-2.1-only",NOASSERTION
libnl-libnl3_9_0.tar.gz/libnl-libnl3_9_0.tar/libnl-libnl3_9_0/include/linux-private/linux/snmp.h,SPDXRef-item38969,"GPL-2.0-only-WITH-Linux-syscall-note",,NOASSERTION,NOASSERTION
libnl-libnl3_9_0.tar.gz/libnl-libnl3_9_0.tar/libnl-libnl3_9_0/include/netlink/route/cls/ematch/cmp.h,SPDXRef-item38879,"LGPL-2.1-only",,"  
  LGPL-2.1-only",NOASSERTION
libnl-libnl3_9_0.tar.gz/libnl-libnl3_9_0.tar/libnl-libnl3_9_0/lib/route/qdisc/plug.c,SPDXRef-item38631,"LGPL-2.1-only",,"  
  LGPL-2.1-only",NOASSERTION
libnl-libnl3_9_0.tar.gz/libnl-libnl3_9_0.tar/libnl-libnl3_9_0/include/netlink/route/act/mirred.h,SPDXRef-item38891,"LGPL-2.1-only",,"  
  LGPL-2.1-only",NOASSERTION
libnl-libnl3_9_0.tar.gz/libnl-libnl3_9_0.tar/libnl-libnl3_9_0/include/linux-private/linux/tc_ematch/tc_em_meta.h,SPDXRef-item38956,"GPL-2.0-only-WITH-Linux-syscall-note",,NOASSERTION,NOASSERTION
libnl-libnl3_9_0.tar.gz/libnl-libnl3_9_0.tar/libnl-libnl3_9_0/lib/route/link/xfrmi.c,SPDXRef-item38657,"LGPL-2.1-only",,"  
  LGPL-2.1-only",NOASSERTION
libnl-libnl3_9_0.tar.gz/libnl-libnl3_9_0.tar/libnl-libnl3_9_0/lib/route/qdisc/mqprio.c,SPDXRef-item38633,"LGPL-2.1-only",,"  
  LGPL-2.1-only",NOASSERTION
libnl-libnl3_9_0.tar.gz/libnl-libnl3_9_0.tar/libnl-libnl3_9_0/lib/genl/family.c,SPDXRef-item38752,"LGPL-2.1-only",,"  
  LGPL-2.1-only",NOASSERTION
libnl-libnl3_9_0.tar.gz/libnl-libnl3_9_0.tar/libnl-libnl3_9_0/include/netlink/xfrm/selector.h,SPDXRef-item38803,"LicenseRef-fossology-BSD-3-Clause-b0e11beff03420a501ff6a671498787d",,"  
  BSD-3-Clause",NOASSERTION
libnl-libnl3_9_0.tar.gz/libnl-libnl3_9_0.tar/libnl-libnl3_9_0/src/nl-neightbl-list.c,SPDXRef-item38493,"LGPL-2.1-only",,"  
  LGPL-2.1-only",NOASSERTION
libnl-libnl3_9_0.tar.gz/libnl-libnl3_9_0.tar/libnl-libnl3_9_0/lib/route/pktloc.c,SPDXRef-item38645,"LGPL-2.1-only",,"  
  LGPL-2.1-only",NOASSERTION
libnl-libnl3_9_0.tar.gz/libnl-libnl3_9_0.tar/libnl-libnl3_9_0/lib/route/link/vxlan.c,SPDXRef-item38658,"LGPL-2.1-only",,"  
  LGPL-2.1-only",NOASSERTION
libnl-libnl3_9_0.tar.gz/libnl-libnl3_9_0.tar/libnl-libnl3_9_0/include/netlink/types.h,SPDXRef-item38809,"LGPL-2.1-only",,"  
  LGPL-2.1-only",NOASSERTION
libnl-libnl3_9_0.tar.gz/libnl-libnl3_9_0.tar/libnl-libnl3_9_0/include/linux-private/linux/falloc.h,SPDXRef-item39019,"GPL-2.0-only-WITH-Linux-syscall-note",,NOASSERTION,NOASSERTION
libnl-libnl3_9_0.tar.gz/libnl-libnl3_9_0.tar/libnl-libnl3_9_0/lib/route/rule.c,SPDXRef-item38621,"LGPL-2.1-only",,"  
  LGPL-2.1-only",NOASSERTION
libnl-libnl3_9_0.tar.gz/libnl-libnl3_9_0.tar/libnl-libnl3_9_0/lib/route/link/inet.c,SPDXRef-item38677,"LGPL-2.1-only",,"  
  LGPL-2.1-only",NOASSERTION
libnl-libnl3_9_0.tar.gz/libnl-libnl3_9_0.tar/libnl-libnl3_9_0/lib/route/cls/ematch/text.c,SPDXRef-item38697,"LGPL-2.1-only",,"  
  LGPL-2.1-only",NOASSERTION
libnl-libnl3_9_0.tar.gz/libnl-libnl3_9_0.tar/libnl-libnl3_9_0/src/nl-link-set.c,SPDXRef-item38501,"LGPL-2.1-only",,"  
  LGPL-2.1-only",NOASSERTION
libnl-libnl3_9_0.tar.gz/libnl-libnl3_9_0.tar/libnl-libnl3_9_0/include/linux-private/linux/atmsap.h,SPDXRef-item39027,"GPL-2.0-only-WITH-Linux-syscall-note",,NOASSERTION,NOASSERTION
libnl-libnl3_9_0.tar.gz/libnl-libnl3_9_0.tar/libnl-libnl3_9_0/src/lib/rule.c,SPDXRef-item38530,"LGPL-2.1-only",,"  
  LGPL-2.1-only",NOASSERTION
libnl-libnl3_9_0.tar.gz/libnl-libnl3_9_0.tar/libnl-libnl3_9_0/lib/cli/qdisc/fq_codel.c,SPDXRef-item38766,"LGPL-2.1-only",,"  
  LGPL-2.1-only",NOASSERTION
libnl-libnl3_9_0.tar.gz/libnl-libnl3_9_0.tar/libnl-libnl3_9_0/include/netlink/idiag/vegasinfo.h,SPDXRef-item38910,"LGPL-2.1-only",,"  
  LGPL-2.1-only",NOASSERTION
libnl-libnl3_9_0.tar.gz/libnl-libnl3_9_0.tar/libnl-libnl3_9_0/include/netlink/route/qdisc/tbf.h,SPDXRef-item38818,"LGPL-2.1-only",,"  
  LGPL-2.1-only",NOASSERTION
libnl-libnl3_9_0.tar.gz/libnl-libnl3_9_0.tar/libnl-libnl3_9_0/include/netlink/route/link/ipvlan.h,SPDXRef-item38853,"LGPL-2.1-only",,"  
  LGPL-2.1-only",NOASSERTION
libnl-libnl3_9_0.tar.gz/libnl-libnl3_9_0.tar/libnl-libnl3_9_0/COPYING,SPDXRef-item39117,"License-of-GNU-Licenses",,NOASSERTION,NOASSERTION
libnl-libnl3_9_0.tar.gz/libnl-libnl3_9_0.tar/libnl-libnl3_9_0/include/netlink/netfilter/ct.h,SPDXRef-item38906,"LGPL-2.1-only",,"  
  LGPL-2.1-only",NOASSERTION
libnl-libnl3_9_0.tar.gz/libnl-libnl3_9_0.tar/libnl-libnl3_9_0/include/netlink/cli/ct.h,SPDXRef-item38939,"LGPL-2.1-only",,"  
  LGPL-2.1-only",NOASSERTION
libnl-libnl3_9_0.tar.gz/libnl-libnl3_9_0.tar/libnl-libnl3_9_0/src/nl-neigh-list.c,SPDXRef-item38494,"LGPL-2.1-only",,"  
  LGPL-2.1-only",NOASSERTION
libnl-libnl3_9_0.tar.gz/libnl-libnl3_9_0.tar/libnl-libnl3_9_0/lib/route/link/ipvti.c,SPDXRef-item38669,"LGPL-2.1-only",,"  
  LGPL-2.1-only",NOASSERTION
libnl-libnl3_9_0.tar.gz/libnl-libnl3_9_0.tar/libnl-libnl3_9_0/include/netlink/netfilter/netfilter.h,SPDXRef-item38902,"LGPL-2.1-only",,"  
  LGPL-2.1-only",NOASSERTION
libnl-libnl3_9_0.tar.gz/libnl-libnl3_9_0.tar/libnl-libnl3_9_0/lib/route/act/nat.c,SPDXRef-item38712,"LGPL-2.1-only",,"  
  LGPL-2.1-only",NOASSERTION
libnl-libnl3_9_0.tar.gz/libnl-libnl3_9_0.tar/libnl-libnl3_9_0/include/netlink/route/nexthop.h,SPDXRef-item38834,"LGPL-2.1-only",,"  
  LGPL-2.1-only",NOASSERTION
libnl-libnl3_9_0.tar.gz/libnl-libnl3_9_0.tar/libnl-libnl3_9_0/include/netlink/socket.h,SPDXRef-item38810,"LGPL-2.1-only",,"  
  LGPL-2.1-only",NOASSERTION
libnl-libnl3_9_0.tar.gz/libnl-libnl3_9_0.tar/libnl-libnl3_9_0/lib/xfrm/nl-xfrm.h,SPDXRef-item38612,"LGPL-2.1-only",,"  
  LGPL-2.1-only",NOASSERTION
libnl-libnl3_9_0.tar.gz/libnl-libnl3_9_0.tar/libnl-libnl3_9_0/lib/route/qdisc/red.c,SPDXRef-item38629,"LGPL-2.1-only",,"  
  LGPL-2.1-only",NOASSERTION
libnl-libnl3_9_0.tar.gz/libnl-libnl3_9_0.tar/libnl-libnl3_9_0/include/netlink/route/pktloc.h,SPDXRef-item38832,"LGPL-2.1-only",,"  
  LGPL-2.1-only",NOASSERTION
libnl-libnl3_9_0.tar.gz/libnl-libnl3_9_0.tar/libnl-libnl3_9_0/tests/test-socket-creation.c,SPDXRef-item38445,"LGPL-2.1-only",,"  
  LGPL-2.1-only",NOASSERTION
libnl-libnl3_9_0.tar.gz/libnl-libnl3_9_0.tar/libnl-libnl3_9_0/include/linux-private/linux/in6.h,SPDXRef-item39002,"GPL-2.0-or-later-WITH-Linux-syscall-note",,NOASSERTION,NOASSERTION
libnl-libnl3_9_0.tar.gz/libnl-libnl3_9_0.tar/libnl-libnl3_9_0/include/netlink/route/qdisc/plug.h,SPDXRef-item38822,"LGPL-2.1-only",,"  
  LGPL-2.1-only",NOASSERTION
libnl-libnl3_9_0.tar.gz/libnl-libnl3_9_0.tar/libnl-libnl3_9_0/src/nl-list-caches.c,SPDXRef-item38499,"LGPL-2.1-only",,"  
  LGPL-2.1-only",NOASSERTION
libnl-libnl3_9_0.tar.gz/libnl-libnl3_9_0.tar/libnl-libnl3_9_0/include/netlink/route/act/vlan.h,SPDXRef-item38888,"LGPL-2.1-only",,"  
  LGPL-2.1-only",NOASSERTION
libnl-libnl3_9_0.tar.gz/libnl-libnl3_9_0.tar/libnl-libnl3_9_0/tests/test-create-macvtap.c,SPDXRef-item38456,"LGPL-2.1-only",,"  
  LGPL-2.1-only",NOASSERTION
libnl-libnl3_9_0.tar.gz/libnl-libnl3_9_0.tar/libnl-libnl3_9_0/include/netlink/cli/addr.h,SPDXRef-item38942,"LGPL-2.1-only",,"  
  LGPL-2.1-only",NOASSERTION
libnl-libnl3_9_0.tar.gz/libnl-libnl3_9_0.tar/libnl-libnl3_9_0/include/netlink/idiag/meminfo.h,SPDXRef-item38913,"LGPL-2.1-only",,"  
  LGPL-2.1-only",NOASSERTION
libnl-libnl3_9_0.tar.gz/libnl-libnl3_9_0.tar/libnl-libnl3_9_0/src/nf-exp-delete.c,SPDXRef-item38522,"LGPL-2.1-only",,"  
  LGPL-2.1-only",NOASSERTION
libnl-libnl3_9_0.tar.gz/libnl-libnl3_9_0.tar/libnl-libnl3_9_0/tests/test-create-vrf.c,SPDXRef-item38452,"LGPL-2.1-only",,"  
  LGPL-2.1-only",NOASSERTION
libnl-libnl3_9_0.tar.gz/libnl-libnl3_9_0.tar/libnl-libnl3_9_0/tests/test-create-macsec.c,SPDXRef-item38458,"LGPL-2.1-only",,"  
  LGPL-2.1-only",NOASSERTION
libnl-libnl3_9_0.tar.gz/libnl-libnl3_9_0.tar/libnl-libnl3_9_0/include/netlink/route/link/team.h,SPDXRef-item38845,"LGPL-2.1-only",,"  
  LGPL-2.1-only",NOASSERTION
libnl-libnl3_9_0.tar.gz/libnl-libnl3_9_0.tar/libnl-libnl3_9_0/tests/test-create-bond.c,SPDXRef-item38468,"LGPL-2.1-only",,"  
  LGPL-2.1-only",NOASSERTION
libnl-libnl3_9_0.tar.gz/libnl-libnl3_9_0.tar/libnl-libnl3_9_0/include/linux-private/linux/in_route.h,SPDXRef-item39001,"GPL-2.0-only-WITH-Linux-syscall-note",,NOASSERTION,NOASSERTION
libnl-libnl3_9_0.tar.gz/libnl-libnl3_9_0.tar/libnl-libnl3_9_0/src/nl-link-name2ifindex.c,SPDXRef-item38503,"LGPL-2.1-only",,"  
  LGPL-2.1-only",NOASSERTION
libnl-libnl3_9_0.tar.gz/libnl-libnl3_9_0.tar/libnl-libnl3_9_0/lib/route/link/inet6.c,SPDXRef-item38676,"LGPL-2.1-only",,"  
  LGPL-2.1-only",NOASSERTION
libnl-libnl3_9_0.tar.gz/libnl-libnl3_9_0.tar/libnl-libnl3_9_0/include/linux-private/linux/netfilter/nfnetlink_compat.h,SPDXRef-item38984,"GPL-2.0-only-WITH-Linux-syscall-note",,NOASSERTION,NOASSERTION
libnl-libnl3_9_0.tar.gz/libnl-libnl3_9_0.tar/libnl-libnl3_9_0/src/lib/addr.c,SPDXRef-item38540,"LGPL-2.1-only",,"  
  LGPL-2.1-only",NOASSERTION
libnl-libnl3_9_0.tar.gz/libnl-libnl3_9_0.tar/libnl-libnl3_9_0/include/netlink/netfilter/queue.h,SPDXRef-item38900,"LGPL-2.1-only",,"  
  LGPL-2.1-only",NOASSERTION
libnl-libnl3_9_0.tar.gz/libnl-libnl3_9_0.tar/libnl-libnl3_9_0/include/nl-priv-dynamic-core/object-api.h,SPDXRef-item38785,"LGPL-2.1-only",,"  
  LGPL-2.1-only",NOASSERTION
libnl-libnl3_9_0.tar.gz/libnl-libnl3_9_0.tar/libnl-libnl3_9_0/src/nl-tctree-list.c,SPDXRef-item38482,"LGPL-2.1-only",,"  
  LGPL-2.1-only",NOASSERTION
libnl-libnl3_9_0.tar.gz/libnl-libnl3_9_0.tar/libnl-libnl3_9_0/lib/route/act/gact.c,SPDXRef-item38714,"LGPL-2.1-only",,"  
  LGPL-2.1-only",NOASSERTION
libnl-libnl3_9_0.tar.gz/libnl-libnl3_9_0.tar/libnl-libnl3_9_0/include/netlink/route/link/geneve.h,SPDXRef-item38862,"LGPL-2.1-only",,"  
  LGPL-2.1-only",NOASSERTION
libnl-libnl3_9_0.tar.gz/libnl-libnl3_9_0.tar/libnl-libnl3_9_0/tests/test-create-ifb.c,SPDXRef-item38465,"LGPL-2.1-only",,"  
  LGPL-2.1-only",NOASSERTION
libnl-libnl3_9_0.tar.gz/libnl-libnl3_9_0.tar/libnl-libnl3_9_0/src/lib/route.c,SPDXRef-item38531,"LGPL-2.1-only",,"  
  LGPL-2.1-only",NOASSERTION
libnl-libnl3_9_0.tar.gz/libnl-libnl3_9_0.tar/libnl-libnl3_9_0/lib/route/link/geneve.c,SPDXRef-item38679,"LGPL-2.1-only",,"  
  LGPL-2.1-only",NOASSERTION
libnl-libnl3_9_0.tar.gz/libnl-libnl3_9_0.tar/libnl-libnl3_9_0/include/netlink/cli/link.h,SPDXRef-item38937,"LGPL-2.1-only",,"  
  LGPL-2.1-only",NOASSERTION
libnl-libnl3_9_0.tar.gz/libnl-libnl3_9_0.tar/libnl-libnl3_9_0/include/netlink/route/link/vlan.h,SPDXRef-item38843,"LGPL-2.1-only",,"  
  LGPL-2.1-only",NOASSERTION
libnl-libnl3_9_0.tar.gz/libnl-libnl3_9_0.tar/libnl-libnl3_9_0/include/netlink/xfrm/sp.h,SPDXRef-item38802,"LicenseRef-fossology-BSD-3-Clause-b0e11beff03420a501ff6a671498787d",,"  
  BSD-3-Clause",NOASSERTION
libnl-libnl3_9_0.tar.gz/libnl-libnl3_9_0.tar/libnl-libnl3_9_0/include/netlink/route/cls/u32.h,SPDXRef-item38870,"LGPL-2.1-only",,"  
  LGPL-2.1-only",NOASSERTION
libnl-libnl3_9_0.tar.gz/libnl-libnl3_9_0.tar/libnl-libnl3_9_0/include/netlink/addr.h,SPDXRef-item38946,"LGPL-2.1-only",,"  
  LGPL-2.1-only",NOASSERTION
libnl-libnl3_9_0.tar.gz/libnl-libnl3_9_0.tar/libnl-libnl3_9_0/include/linux-private/linux/const.h,SPDXRef-item39022,"GPL-2.0-only-WITH-Linux-syscall-note",,NOASSERTION,NOASSERTION
libnl-libnl3_9_0.tar.gz/libnl-libnl3_9_0.tar/libnl-libnl3_9_0/lib/genl/ctrl.c,SPDXRef-item38753,"LGPL-2.1-only",,"  
  LGPL-2.1-only",NOASSERTION
libnl-libnl3_9_0.tar.gz/libnl-libnl3_9_0.tar/libnl-libnl3_9_0/lib/route/link/vrf.c,SPDXRef-item38659,"LGPL-2.1-only",,"  
  LGPL-2.1-only",NOASSERTION
libnl-libnl3_9_0.tar.gz/libnl-libnl3_9_0.tar/libnl-libnl3_9_0/include/netlink/xfrm/ae.h,SPDXRef-item38806,"LicenseRef-fossology-BSD-3-Clause-b0e11beff03420a501ff6a671498787d",,"  
  BSD-3-Clause",NOASSERTION
libnl-libnl3_9_0.tar.gz/libnl-libnl3_9_0.tar/libnl-libnl3_9_0/src/lib/cls.c,SPDXRef-item38538,"LGPL-2.1-only",,"  
  LGPL-2.1-only",NOASSERTION
libnl-libnl3_9_0.tar.gz/libnl-libnl3_9_0.tar/libnl-libnl3_9_0/src/nl-route-get.c,SPDXRef-item38485,"LGPL-2.1-only",,"  
  LGPL-2.1-only",NOASSERTION
libnl-libnl3_9_0.tar.gz/libnl-libnl3_9_0.tar/libnl-libnl3_9_0/lib/cli/qdisc/hfsc.c,SPDXRef-item38765,"LGPL-2.1-only",,"  
  LGPL-2.1-only",NOASSERTION
libnl-libnl3_9_0.tar.gz/libnl-libnl3_9_0.tar/libnl-libnl3_9_0/include/linux-private/linux/ipv6.h,SPDXRef-item38997,"GPL-2.0-only-WITH-Linux-syscall-note",,NOASSERTION,NOASSERTION
libnl-libnl3_9_0.tar.gz/libnl-libnl3_9_0.tar/libnl-libnl3_9_0/include/netlink/fib_lookup/lookup.h,SPDXRef-item38925,"LGPL-2.1-only",,"  
  LGPL-2.1-only",NOASSERTION
libnl-libnl3_9_0.tar.gz/libnl-libnl3_9_0.tar/libnl-libnl3_9_0/lib/netfilter/queue_msg.c,SPDXRef-item38722,"LGPL-2.1-only",,"  
  LGPL-2.1-only",NOASSERTION
libnl-libnl3_9_0.tar.gz/libnl-libnl3_9_0.tar/libnl-libnl3_9_0/include/linux-private/linux/can/netlink.h,SPDXRef-item39024,"GPL-2.0-only-WITH-Linux-syscall-note",,NOASSERTION,NOASSERTION
libnl-libnl3_9_0.tar.gz/libnl-libnl3_9_0.tar/libnl-libnl3_9_0/include/netlink/route/link/ip6gre.h,SPDXRef-item38858,"LGPL-2.1-only",,"  
  LGPL-2.1-only",NOASSERTION
libnl-libnl3_9_0.tar.gz/libnl-libnl3_9_0.tar/libnl-libnl3_9_0/lib/route/qdisc.c,SPDXRef-item38642,"LGPL-2.1-only",,"  
  LGPL-2.1-only",NOASSERTION
libnl-libnl3_9_0.tar.gz/libnl-libnl3_9_0.tar/libnl-libnl3_9_0/include/netlink/netlink.h,SPDXRef-item38895,"LGPL-2.1-only",,"  
  LGPL-2.1-only",NOASSERTION
libnl-libnl3_9_0.tar.gz/libnl-libnl3_9_0.tar/libnl-libnl3_9_0/tests/nl-test-util.c,SPDXRef-item38472,"LGPL-2.1-only",,"  
  LGPL-2.1-only",NOASSERTION
libnl-libnl3_9_0.tar.gz/libnl-libnl3_9_0.tar/libnl-libnl3_9_0/lib/nl.c,SPDXRef-item38717,"LGPL-2.1-only",,"  
  LGPL-2.1-only",NOASSERTION
libnl-libnl3_9_0.tar.gz/libnl-libnl3_9_0.tar/libnl-libnl3_9_0/include/linux-private/linux/inet_diag.h,SPDXRef-item39000,"GPL-2.0-only-WITH-Linux-syscall-note",,NOASSERTION,NOASSERTION
libnl-libnl3_9_0.tar.gz/libnl-libnl3_9_0.tar/libnl-libnl3_9_0/include/linux-private/linux/ioctl.h,SPDXRef-item38999,"GPL-2.0-only-WITH-Linux-syscall-note",,NOASSERTION,NOASSERTION
libnl-libnl3_9_0.tar.gz/libnl-libnl3_9_0.tar/libnl-libnl3_9_0/lib/route/mdb.c,SPDXRef-item38655,"LGPL-2.1-only",,"  
  LGPL-2.1-only",NOASSERTION
libnl-libnl3_9_0.tar.gz/libnl-libnl3_9_0.tar/libnl-libnl3_9_0/include/netlink/route/qdisc/prio.h,SPDXRef-item38821,"LGPL-2.1-only",,"  
  LGPL-2.1-only",NOASSERTION
libnl-libnl3_9_0.tar.gz/libnl-libnl3_9_0.tar/libnl-libnl3_9_0/src/idiag-socket-details.c,SPDXRef-item38541,"LGPL-2.1-only",,"  
  LGPL-2.1-only",NOASSERTION
libnl-libnl3_9_0.tar.gz/libnl-libnl3_9_0.tar/libnl-libnl3_9_0/include/netlink/route/link/api.h,SPDXRef-item38867,"LGPL-2.1-only",,"  
  LGPL-2.1-only",NOASSERTION
libnl-libnl3_9_0.tar.gz/libnl-libnl3_9_0.tar/libnl-libnl3_9_0/lib/netfilter/nl-netfilter.h,SPDXRef-item38724,"LGPL-2.1-only",,"  
  LGPL-2.1-only",NOASSERTION
libnl-libnl3_9_0.tar.gz/libnl-libnl3_9_0.tar/libnl-libnl3_9_0/lib/cli/qdisc/htb.c,SPDXRef-item38764,"LGPL-2.1-only",,"  
  LGPL-2.1-only",NOASSERTION
libnl-libnl3_9_0.tar.gz/libnl-libnl3_9_0.tar/libnl-libnl3_9_0/lib/route/qdisc/fq_codel.c,SPDXRef-item38637,"LGPL-2.1-only",,"  
  LGPL-2.1-only",NOASSERTION
libnl-libnl3_9_0.tar.gz/libnl-libnl3_9_0.tar/libnl-libnl3_9_0/include/netlink/object.h,SPDXRef-item38893,"LGPL-2.1-only",,"  
  LGPL-2.1-only",NOASSERTION
libnl-libnl3_9_0.tar.gz/libnl-libnl3_9_0.tar/libnl-libnl3_9_0/lib/route/link/ipgre.c,SPDXRef-item38672,"LGPL-2.1-only",,"  
  LGPL-2.1-only",NOASSERTION
libnl-libnl3_9_0.tar.gz/libnl-libnl3_9_0.tar/libnl-libnl3_9_0/include/linux-private/linux/ethtool.h,SPDXRef-item39020,"GPL-2.0-only-WITH-Linux-syscall-note",,NOASSERTION,NOASSERTION
libnl-libnl3_9_0.tar.gz/libnl-libnl3_9_0.tar/libnl-libnl3_9_0/lib/route/qdisc/cbq.c,SPDXRef-item38640,"LGPL-2.1-only",,"  
  LGPL-2.1-only",NOASSERTION
libnl-libnl3_9_0.tar.gz/libnl-libnl3_9_0.tar/libnl-libnl3_9_0/lib/idiag/idiag.c,SPDXRef-item38744,"LGPL-2.1-only",,"  
  LGPL-2.1-only",NOASSERTION
libnl-libnl3_9_0.tar.gz/libnl-libnl3_9_0.tar/libnl-libnl3_9_0/include/linux-private/linux/stddef.h,SPDXRef-item38966,"GPL-2.0-only-WITH-Linux-syscall-note",,NOASSERTION,NOASSERTION
libnl-libnl3_9_0.tar.gz/libnl-libnl3_9_0.tar/libnl-libnl3_9_0/include/linux-private/linux/rtnetlink.h,SPDXRef-item38974,"GPL-2.0-only-WITH-Linux-syscall-note",,NOASSERTION,NOASSERTION
libnl-libnl3_9_0.tar.gz/libnl-libnl3_9_0.tar/libnl-libnl3_9_0/include/linux-private/linux/netfilter/nf_conntrack_tcp.h,SPDXRef-item38986,"GPL-2.0-only-WITH-Linux-syscall-note",,NOASSERTION,NOASSERTION
libnl-libnl3_9_0.tar.gz/libnl-libnl3_9_0.tar/libnl-libnl3_9_0/src/nf-ct-events.c,SPDXRef-item38525,"LGPL-2.1-only",,"  
  LGPL-2.1-only",NOASSERTION
libnl-libnl3_9_0.tar.gz/libnl-libnl3_9_0.tar/libnl-libnl3_9_0/lib/netfilter/log_msg_obj.c,SPDXRef-item38728,"LGPL-2.1-only",,"  
  LGPL-2.1-only",NOASSERTION
libnl-libnl3_9_0.tar.gz/libnl-libnl3_9_0.tar/libnl-libnl3_9_0/include/netlink/route/link/info-api.h,SPDXRef-item38859,"LGPL-2.1-only",,"  
  LGPL-2.1-only",NOASSERTION
libnl-libnl3_9_0.tar.gz/libnl-libnl3_9_0.tar/libnl-libnl3_9_0/include/netlink/route/qdisc/fifo.h,SPDXRef-item38828,"LGPL-2.1-only",,"  
  LGPL-2.1-only",NOASSERTION
libnl-libnl3_9_0.tar.gz/libnl-libnl3_9_0.tar/libnl-libnl3_9_0/src/nl-link-stats.c,SPDXRef-item38500,"LGPL-2.1-only",,"  
  LGPL-2.1-only",NOASSERTION
libnl-libnl3_9_0.tar.gz/libnl-libnl3_9_0.tar/libnl-libnl3_9_0/include/netlink/route/link/ip6vti.h,SPDXRef-item38856,"LGPL-2.1-only",,"  
  LGPL-2.1-only",NOASSERTION
libnl-libnl3_9_0.tar.gz/libnl-libnl3_9_0.tar/libnl-libnl3_9_0/lib/netfilter/nfnl.c,SPDXRef-item38725,"LGPL-2.1-only",,"  
  LGPL-2.1-only",NOASSERTION
libnl-libnl3_9_0.tar.gz/libnl-libnl3_9_0.tar/libnl-libnl3_9_0/include/netlink/route/link/vxlan.h,SPDXRef-item38841,"LGPL-2.1-only",,"  
  LGPL-2.1-only",NOASSERTION
libnl-libnl3_9_0.tar.gz/libnl-libnl3_9_0.tar/libnl-libnl3_9_0/lib/genl/genl.c,SPDXRef-item38751,"LGPL-2.1-only",,"  
  LGPL-2.1-only",NOASSERTION
libnl-libnl3_9_0.tar.gz/libnl-libnl3_9_0.tar/libnl-libnl3_9_0/tests/test-create-sit.c,SPDXRef-item38455,"LGPL-2.1-only",,"  
  LGPL-2.1-only",NOASSERTION
libnl-libnl3_9_0.tar.gz/libnl-libnl3_9_0.tar/libnl-libnl3_9_0/include/linux-private/linux/nexthop.h,SPDXRef-item38978,"GPL-2.0-only-WITH-Linux-syscall-note",,NOASSERTION,NOASSERTION
libnl-libnl3_9_0.tar.gz/libnl-libnl3_9_0.tar/libnl-libnl3_9_0/include/linux-private/linux/if_arp.h,SPDXRef-item39011,"GPL-2.0-or-later-WITH-Linux-syscall-note",,NOASSERTION,NOASSERTION
libnl-libnl3_9_0.tar.gz/libnl-libnl3_9_0.tar/libnl-libnl3_9_0/include/netlink/list.h,SPDXRef-item38908,"LGPL-2.1-only",,"  
  LGPL-2.1-only",NOASSERTION
libnl-libnl3_9_0.tar.gz/libnl-libnl3_9_0.tar/libnl-libnl3_9_0/include/linux-private/linux/pkt_sched.h,SPDXRef-item38976,"GPL-2.0-only-WITH-Linux-syscall-note",,NOASSERTION,NOASSERTION
libnl-libnl3_9_0.tar.gz/libnl-libnl3_9_0.tar/libnl-libnl3_9_0/lib/route/netconf.c,SPDXRef-item38652,"LGPL-2.1-only",,"  
  LGPL-2.1-only",NOASSERTION
libnl-libnl3_9_0.tar.gz/libnl-libnl3_9_0.tar/libnl-libnl3_9_0/include/netlink/xfrm/template.h,SPDXRef-item38801,"LicenseRef-fossology-BSD-3-Clause-b0e11beff03420a501ff6a671498787d",,"  
  BSD-3-Clause",NOASSERTION
libnl-libnl3_9_0.tar.gz/libnl-libnl3_9_0.tar/libnl-libnl3_9_0/lib/route/link/ppp.c,SPDXRef-item38665,"LGPL-2.1-only",,"  
  LGPL-2.1-only",NOASSERTION
libnl-libnl3_9_0.tar.gz/libnl-libnl3_9_0.tar/libnl-libnl3_9_0/include/netlink/idiag/msg.h,SPDXRef-item38912,"LGPL-2.1-only",,"  
  LGPL-2.1-only",NOASSERTION
libnl-libnl3_9_0.tar.gz/libnl-libnl3_9_0.tar/libnl-libnl3_9_0/include/linux-private/linux/mpls.h,SPDXRef-item38993,"GPL-2.0-only-WITH-Linux-syscall-note",,NOASSERTION,NOASSERTION
libnl-libnl3_9_0.tar.gz/libnl-libnl3_9_0.tar/libnl-libnl3_9_0/include/linux-private/linux/netfilter/nf_conntrack_common.h,SPDXRef-item38987,"GPL-2.0-only-WITH-Linux-syscall-note",,NOASSERTION,NOASSERTION
libnl-libnl3_9_0.tar.gz/libnl-libnl3_9_0.tar/libnl-libnl3_9_0/src/nf-exp-add.c,SPDXRef-item38523,"LGPL-2.1-only",,"  
  LGPL-2.1-only",NOASSERTION
libnl-libnl3_9_0.tar.gz/libnl-libnl3_9_0.tar/libnl-libnl3_9_0/include/linux-private/linux/gen_stats.h,SPDXRef-item39017,"GPL-2.0-only-WITH-Linux-syscall-note",,NOASSERTION,NOASSERTION
libnl-libnl3_9_0.tar.gz/libnl-libnl3_9_0.tar/libnl-libnl3_9_0/include/netlink/hash.h,SPDXRef-item38916,"LicenseRef-fossology-Public-domain",,"  
  LicenseRef-fossology-Public-domain",NOASSERTION
libnl-libnl3_9_0.tar.gz/libnl-libnl3_9_0.tar/libnl-libnl3_9_0/include/netlink/netfilter/queue_msg.h,SPDXRef-item38899,"LGPL-2.1-only",,"  
  LGPL-2.1-only",NOASSERTION
libnl-libnl3_9_0.tar.gz/libnl-libnl3_9_0.tar/libnl-libnl3_9_0/lib/route/link/macvlan.c,SPDXRef-item38666,"LGPL-2.1-only",,"  
  LGPL-2.1-only",NOASSERTION
libnl-libnl3_9_0.tar.gz/libnl-libnl3_9_0.tar/libnl-libnl3_9_0/include/netlink/netfilter/log_msg.h,SPDXRef-item38903,"LGPL-2.1-only",,"  
  LGPL-2.1-only",NOASSERTION
libnl-libnl3_9_0.tar.gz/libnl-libnl3_9_0.tar/libnl-libnl3_9_0/lib/fib_lookup/lookup.c,SPDXRef-item38756,"LGPL-2.1-only",,"  
  LGPL-2.1-only",NOASSERTION
libnl-libnl3_9_0.tar.gz/libnl-libnl3_9_0.tar/libnl-libnl3_9_0/lib/netfilter/queue.c,SPDXRef-item38723,"LGPL-2.1-only",,"  
  LGPL-2.1-only",NOASSERTION
libnl-libnl3_9_0.tar.gz/libnl-libnl3_9_0.tar/libnl-libnl3_9_0/lib/error.c,SPDXRef-item38757,"LGPL-2.1-only",,"  
  LGPL-2.1-only",NOASSERTION
libnl-libnl3_9_0.tar.gz/libnl-libnl3_9_0.tar/libnl-libnl3_9_0/include/nl-priv-dynamic-route/nl-priv-dynamic-route.h,SPDXRef-item38782,"LGPL-2.1-only",,"  
  LGPL-2.1-only",NOASSERTION
libnl-libnl3_9_0.tar.gz/libnl-libnl3_9_0.tar/libnl-libnl3_9_0/lib/route/link/veth.c,SPDXRef-item38661,"LGPL-2.1-only",,"  
  LGPL-2.1-only",NOASSERTION
libnl-libnl3_9_0.tar.gz/libnl-libnl3_9_0.tar/libnl-libnl3_9_0/lib/version.c,SPDXRef-item38615,"LGPL-2.1-only",,"  
  LGPL-2.1-only",NOASSERTION
libnl-libnl3_9_0.tar.gz/libnl-libnl3_9_0.tar/libnl-libnl3_9_0/src/nl-nh-list.c,SPDXRef-item38492,"LGPL-2.1-only",,"  
  LGPL-2.1-only",NOASSERTION
libnl-libnl3_9_0.tar.gz/libnl-libnl3_9_0.tar/libnl-libnl3_9_0/lib/route/act/skbedit.c,SPDXRef-item38711,"LGPL-2.1-only",,"  
  LGPL-2.1-only",NOASSERTION
libnl-libnl3_9_0.tar.gz/libnl-libnl3_9_0.tar/libnl-libnl3_9_0/src/lib/exp.c,SPDXRef-item38536,"LGPL-2.1-only",,"  
  LGPL-2.1-only",NOASSERTION
libnl-libnl3_9_0.tar.gz/libnl-libnl3_9_0.tar/libnl-libnl3_9_0/include/netlink/route/qdisc/fq_codel.h,SPDXRef-item38827,"LGPL-2.1-only",,"  
  LGPL-2.1-only",NOASSERTION
libnl-libnl3_9_0.tar.gz/libnl-libnl3_9_0.tar/libnl-libnl3_9_0/include/netlink/route/cls/ematch/text.h,SPDXRef-item38876,"LGPL-2.1-only",,"  
  LGPL-2.1-only",NOASSERTION
libnl-libnl3_9_0.tar.gz/libnl-libnl3_9_0.tar/libnl-libnl3_9_0/lib/route/rtnl.c,SPDXRef-item38622,"LGPL-2.1-only",,"  
  LGPL-2.1-only",NOASSERTION
libnl-libnl3_9_0.tar.gz/libnl-libnl3_9_0.tar/libnl-libnl3_9_0/include/nl-priv-dynamic-core/nl-core.h,SPDXRef-item38786,"LGPL-2.1-only",,"  
  LGPL-2.1-only",NOASSERTION
libnl-libnl3_9_0.tar.gz/libnl-libnl3_9_0.tar/libnl-libnl3_9_0/lib/data.c,SPDXRef-item38758,"LGPL-2.1-only",,"  
  LGPL-2.1-only",NOASSERTION
libnl-libnl3_9_0.tar.gz/libnl-libnl3_9_0.tar/libnl-libnl3_9_0/include/netlink/idiag/req.h,SPDXRef-item38911,"LGPL-2.1-only",,"  
  LGPL-2.1-only",NOASSERTION
libnl-libnl3_9_0.tar.gz/libnl-libnl3_9_0.tar/libnl-libnl3_9_0/include/linux-private/linux/posix_types.h,SPDXRef-item38975,"GPL-2.0-only-WITH-Linux-syscall-note",,NOASSERTION,NOASSERTION
libnl-libnl3_9_0.tar.gz/libnl-libnl3_9_0.tar/libnl-libnl3_9_0/include/netlink/cache.h,SPDXRef-item38943,"LGPL-2.1-only",,"  
  LGPL-2.1-only",NOASSERTION
libnl-libnl3_9_0.tar.gz/libnl-libnl3_9_0.tar/libnl-libnl3_9_0/lib/route/link/sriov.c,SPDXRef-item38663,"LGPL-2.1-only",,"  
  LGPL-2.1-only",NOASSERTION
libnl-libnl3_9_0.tar.gz/libnl-libnl3_9_0.tar/libnl-libnl3_9_0/tests/cksuite-all-attr.c,SPDXRef-item38476,"LGPL-2.1-only",,"  
  LGPL-2.1-only",NOASSERTION
libnl-libnl3_9_0.tar.gz/libnl-libnl3_9_0.tar/libnl-libnl3_9_0/include/netlink/route/link/ipgre.h,SPDXRef-item38855,"LGPL-2.1-only",,"  
  LGPL-2.1-only",NOASSERTION
libnl-libnl3_9_0.tar.gz/libnl-libnl3_9_0.tar/libnl-libnl3_9_0/tests/test-u32-filter-with-actions.c,SPDXRef-item38444,"LGPL-2.1-only",,"  
  LGPL-2.1-only",NOASSERTION
libnl-libnl3_9_0.tar.gz/libnl-libnl3_9_0.tar/libnl-libnl3_9_0/src/nl-class-add.c,SPDXRef-item38514,"LGPL-2.1-only",,"  
  LGPL-2.1-only",NOASSERTION
libnl-libnl3_9_0.tar.gz/libnl-libnl3_9_0.tar/libnl-libnl3_9_0/tests/check-direct.c,SPDXRef-item38478,"LGPL-2.1-only",,"  
  LGPL-2.1-only",NOASSERTION
libnl-libnl3_9_0.tar.gz/libnl-libnl3_9_0.tar/libnl-libnl3_9_0/include/linux-private/linux/taskstats.h,SPDXRef-item38964,"LGPL-2.1-only-WITH-Linux-syscall-note",,NOASSERTION,NOASSERTION
libnl-libnl3_9_0.tar.gz/libnl-libnl3_9_0.tar/libnl-libnl3_9_0/lib/route/link.c,SPDXRef-item38686,"LGPL-2.1-only",,"  
  LGPL-2.1-only",NOASSERTION
libnl-libnl3_9_0.tar.gz/libnl-libnl3_9_0.tar/libnl-libnl3_9_0/include/netlink/route/cls/basic.h,SPDXRef-item38882,"LGPL-2.1-only",,"  
  LGPL-2.1-only",NOASSERTION
libnl-libnl3_9_0.tar.gz/libnl-libnl3_9_0.tar/libnl-libnl3_9_0/include/netlink/cli/class.h,SPDXRef-item38941,"LGPL-2.1-only",,"  
  LGPL-2.1-only",NOASSERTION
libnl-libnl3_9_0.tar.gz/libnl-libnl3_9_0.tar/libnl-libnl3_9_0/include/linux-private/linux/in.h,SPDXRef-item39003,"GPL-2.0-or-later-WITH-Linux-syscall-note",,NOASSERTION,NOASSERTION
libnl-libnl3_9_0.tar.gz/libnl-libnl3_9_0.tar/libnl-libnl3_9_0/include/netlink/route/class.h,SPDXRef-item38884,"LGPL-2.1-only",,"  
  LGPL-2.1-only",NOASSERTION
libnl-libnl3_9_0.tar.gz/libnl-libnl3_9_0.tar/libnl-libnl3_9_0/tests/test-create-veth.c,SPDXRef-item38454,"LGPL-2.1-only",,"  
  LGPL-2.1-only",NOASSERTION
libnl-libnl3_9_0.tar.gz/libnl-libnl3_9_0.tar/libnl-libnl3_9_0/lib/route/cls/ematch/container.c,SPDXRef-item38700,"LGPL-2.1-only",,"  
  LGPL-2.1-only",NOASSERTION
libnl-libnl3_9_0.tar.gz/libnl-libnl3_9_0.tar/libnl-libnl3_9_0/lib/route/act/vlan.c,SPDXRef-item38710,"LGPL-2.1-only",,"  
  LGPL-2.1-only",NOASSERTION
libnl-libnl3_9_0.tar.gz/libnl-libnl3_9_0.tar/libnl-libnl3_9_0/lib/route/qdisc/fifo.c,SPDXRef-item38638,"LGPL-2.1-only",,"  
  LGPL-2.1-only",NOASSERTION
libnl-libnl3_9_0.tar.gz/libnl-libnl3_9_0.tar/libnl-libnl3_9_0/src/lib/ct.c,SPDXRef-item38537,"LGPL-2.1-only",,"  
  LGPL-2.1-only",NOASSERTION
libnl-libnl3_9_0.tar.gz/libnl-libnl3_9_0.tar/libnl-libnl3_9_0/include/netlink/route/addr.h,SPDXRef-item38885,"LGPL-2.1-only",,"  
  LGPL-2.1-only",NOASSERTION
libnl-libnl3_9_0.tar.gz/libnl-libnl3_9_0.tar/libnl-libnl3_9_0/lib/route/link/api.c,SPDXRef-item38685,"LGPL-2.1-only",,"  
  LGPL-2.1-only",NOASSERTION
libnl-libnl3_9_0.tar.gz/libnl-libnl3_9_0.tar/libnl-libnl3_9_0/lib/route/cls/ematch_grammar.l,SPDXRef-item38695,"LGPL-2.1-only",,"  
  LGPL-2.1-only",NOASSERTION
libnl-libnl3_9_0.tar.gz/libnl-libnl3_9_0.tar/libnl-libnl3_9_0/include/linux-private/linux/tc_ematch/tc_em_nbyte.h,SPDXRef-item38955,"GPL-2.0-only-WITH-Linux-syscall-note",,NOASSERTION,NOASSERTION
libnl-libnl3_9_0.tar.gz/libnl-libnl3_9_0.tar/libnl-libnl3_9_0/include/netlink/route/qdisc/dsmark.h,SPDXRef-item38829,"LGPL-2.1-only",,"  
  LGPL-2.1-only",NOASSERTION
libnl-libnl3_9_0.tar.gz/libnl-libnl3_9_0.tar/libnl-libnl3_9_0/include/netlink/route/rtnl.h,SPDXRef-item38815,"LGPL-2.1-only",,"  
  LGPL-2.1-only",NOASSERTION
libnl-libnl3_9_0.tar.gz/libnl-libnl3_9_0.tar/libnl-libnl3_9_0/include/netlink/route/qdisc.h,SPDXRef-item38831,"LGPL-2.1-only",,"  
  LGPL-2.1-only",NOASSERTION
libnl-libnl3_9_0.tar.gz/libnl-libnl3_9_0.tar/libnl-libnl3_9_0/tests/test-delete-link.c,SPDXRef-item38449,"LGPL-2.1-only",,"  
  LGPL-2.1-only",NOASSERTION
libnl-libnl3_9_0.tar.gz/libnl-libnl3_9_0.tar/libnl-libnl3_9_0/include/netlink/genl/family.h,SPDXRef-item38921,"LGPL-2.1-only",,"  
  LGPL-2.1-only",NOASSERTION
libnl-libnl3_9_0.tar.gz/libnl-libnl3_9_0.tar/libnl-libnl3_9_0/include/linux-private/linux/socket.h,SPDXRef-item38967,"GPL-2.0-only-WITH-Linux-syscall-note",,NOASSERTION,NOASSERTION
libnl-libnl3_9_0.tar.gz/libnl-libnl3_9_0.tar/libnl-libnl3_9_0/include/netlink/route/cls/fw.h,SPDXRef-item38873,"LGPL-2.1-only",,"  
  LGPL-2.1-only",NOASSERTION
libnl-libnl3_9_0.tar.gz/libnl-libnl3_9_0.tar/libnl-libnl3_9_0/lib/route/cls/fw.c,SPDXRef-item38692,"LGPL-2.1-only",,"  
  LGPL-2.1-only",NOASSERTION
libnl-libnl3_9_0.tar.gz/libnl-libnl3_9_0.tar/libnl-libnl3_9_0/include/linux-private/linux/swab.h,SPDXRef-item38965,"GPL-2.0-only-WITH-Linux-syscall-note",,NOASSERTION,NOASSERTION
libnl-libnl3_9_0.tar.gz/libnl-libnl3_9_0.tar/libnl-libnl3_9_0/include/linux-private/linux/tc_ematch/tc_em_text.h,SPDXRef-item38954,"GPL-2.0-only-WITH-Linux-syscall-note",,NOASSERTION,NOASSERTION
libnl-libnl3_9_0.tar.gz/libnl-libnl3_9_0.tar/libnl-libnl3_9_0/include/netlink/xfrm/sa.h,SPDXRef-item38804,"LicenseRef-fossology-BSD-3-Clause-b0e11beff03420a501ff6a671498787d",,"  
  BSD-3-Clause",NOASSERTION
libnl-libnl3_9_0.tar.gz/libnl-libnl3_9_0.tar/libnl-libnl3_9_0/include/netlink/cli/qdisc.h,SPDXRef-item38933,"LGPL-2.1-only",,"  
  LGPL-2.1-only",NOASSERTION
libnl-libnl3_9_0.tar.gz/libnl-libnl3_9_0.tar/libnl-libnl3_9_0/lib/route/cls/ematch/cmp.c,SPDXRef-item38701,"LGPL-2.1-only",,"  
  LGPL-2.1-only",NOASSERTION
libnl-libnl3_9_0.tar.gz/libnl-libnl3_9_0.tar/libnl-libnl3_9_0/lib/idiag/idiag_vegasinfo_obj.c,SPDXRef-item38740,"LGPL-2.1-only",,"  
  LGPL-2.1-only",NOASSERTION
libnl-libnl3_9_0.tar.gz/libnl-libnl3_9_0.tar/libnl-libnl3_9_0/lib/route/link/bridge.c,SPDXRef-item38683,"LGPL-2.1-only",,"  
  LGPL-2.1-only",NOASSERTION
libnl-libnl3_9_0.tar.gz/libnl-libnl3_9_0.tar/libnl-libnl3_9_0/lib/genl/nl-genl.h,SPDXRef-item38749,"LGPL-2.1-only",,"  
  LGPL-2.1-only",NOASSERTION
libnl-libnl3_9_0.tar.gz/libnl-libnl3_9_0.tar/libnl-libnl3_9_0/include/netlink/route/act/gact.h,SPDXRef-item38892,"LGPL-2.1-only",,"  
  LGPL-2.1-only",NOASSERTION
libnl-libnl3_9_0.tar.gz/libnl-libnl3_9_0.tar/libnl-libnl3_9_0/src/nl-util-addr.c,SPDXRef-item38481,"LGPL-2.1-only",,"  
  LGPL-2.1-only",NOASSERTION
libnl-libnl3_9_0.tar.gz/libnl-libnl3_9_0.tar/libnl-libnl3_9_0/lib/xfrm/lifetime.c,SPDXRef-item38613,"LGPL-2.1-only AND LicenseRef-fossology-BSD-3-Clause-b0e11beff03420a501ff6a671498787d",,"  
  LGPL-2.1-only AND   
  BSD-3-Clause",NOASSERTION
libnl-libnl3_9_0.tar.gz/libnl-libnl3_9_0.tar/libnl-libnl3_9_0/lib/nl-core.h,SPDXRef-item38718,"LGPL-2.1-only",,"  
  LGPL-2.1-only",NOASSERTION
libnl-libnl3_9_0.tar.gz/libnl-libnl3_9_0.tar/libnl-libnl3_9_0/lib/route/link/ifb.c,SPDXRef-item38678,"LGPL-2.1-only",,"  
  LGPL-2.1-only",NOASSERTION
libnl-libnl3_9_0.tar.gz/libnl-libnl3_9_0.tar/libnl-libnl3_9_0/src/nl-link-enslave.c,SPDXRef-item38506,"LGPL-2.1-only",,"  
  LGPL-2.1-only",NOASSERTION
libnl-libnl3_9_0.tar.gz/libnl-libnl3_9_0.tar/libnl-libnl3_9_0/include/linux-private/linux/limits.h,SPDXRef-item38995,"GPL-2.0-only-WITH-Linux-syscall-note",,NOASSERTION,NOASSERTION
libnl-libnl3_9_0.tar.gz/libnl-libnl3_9_0.tar/libnl-libnl3_9_0/doc/stylesheets/slidy.css,SPDXRef-item39044,"LicenseRef-fossology-W3C-637ef70228fe96b606514060e81ddada",,"  
  W3C",NOASSERTION
libnl-libnl3_9_0.tar.gz/libnl-libnl3_9_0.tar/libnl-libnl3_9_0/tests/test-create-vlan.c,SPDXRef-item38453,"LGPL-2.1-only",,"  
  LGPL-2.1-only",NOASSERTION
libnl-libnl3_9_0.tar.gz/libnl-libnl3_9_0.tar/libnl-libnl3_9_0/include/netlink/object-api.h,SPDXRef-item38894,"LGPL-2.1-only",,"  
  LGPL-2.1-only",NOASSERTION
libnl-libnl3_9_0.tar.gz/libnl-libnl3_9_0.tar/libnl-libnl3_9_0/lib/route/classid.c,SPDXRef-item38706,"LGPL-2.1-only",,"  
  LGPL-2.1-only",NOASSERTION
libnl-libnl3_9_0.tar.gz/libnl-libnl3_9_0.tar/libnl-libnl3_9_0/include/netlink/route/rule.h,SPDXRef-item38814,"LGPL-2.1-only",,"  
  LGPL-2.1-only",NOASSERTION
libnl-libnl3_9_0.tar.gz/libnl-libnl3_9_0.tar/libnl-libnl3_9_0/lib/route/class.c,SPDXRef-item38707,"LGPL-2.1-only",,"  
  LGPL-2.1-only",NOASSERTION
libnl-libnl3_9_0.tar.gz/libnl-libnl3_9_0.tar/libnl-libnl3_9_0/lib/attr.c,SPDXRef-item38775,"LGPL-2.1-only",,"  
  LGPL-2.1-only",NOASSERTION
libnl-libnl3_9_0.tar.gz/libnl-libnl3_9_0.tar/libnl-libnl3_9_0/include/linux-private/linux/netfilter/nfnetlink.h,SPDXRef-item38985,"GPL-2.0-only-WITH-Linux-syscall-note",,NOASSERTION,NOASSERTION
libnl-libnl3_9_0.tar.gz/libnl-libnl3_9_0.tar/libnl-libnl3_9_0/lib/idiag/nl-idiag.h,SPDXRef-item38739,"LGPL-2.1-only",,"  
  LGPL-2.1-only",NOASSERTION
libnl-libnl3_9_0.tar.gz/libnl-libnl3_9_0.tar/libnl-libnl3_9_0/src/nl-monitor.c,SPDXRef-item38497,"LGPL-2.1-only",,"  
  LGPL-2.1-only",NOASSERTION
libnl-libnl3_9_0.tar.gz/libnl-libnl3_9_0.tar/libnl-libnl3_9_0/include/netlink/route/act/skbedit.h,SPDXRef-item38889,"LGPL-2.1-only",,"  
  LGPL-2.1-only",NOASSERTION
libnl-libnl3_9_0.tar.gz/libnl-libnl3_9_0.tar/libnl-libnl3_9_0/include/netlink/route/cls/ematch/meta.h,SPDXRef-item38878,"LGPL-2.1-only",,"  
  LGPL-2.1-only",NOASSERTION
libnl-libnl3_9_0.tar.gz/libnl-libnl3_9_0.tar/libnl-libnl3_9_0/include/netlink/route/link/ipip.h,SPDXRef-item38854,"LGPL-2.1-only",,"  
  LGPL-2.1-only",NOASSERTION
libnl-libnl3_9_0.tar.gz/libnl-libnl3_9_0.tar/libnl-libnl3_9_0/include/linux-private/linux/types.h,SPDXRef-item38952,"GPL-2.0-only-WITH-Linux-syscall-note",,NOASSERTION,NOASSERTION
libnl-libnl3_9_0.tar.gz/libnl-libnl3_9_0.tar/libnl-libnl3_9_0/lib/idiag/idiag_req_obj.c,SPDXRef-item38741,"LGPL-2.1-only",,"  
  LGPL-2.1-only",NOASSERTION
libnl-libnl3_9_0.tar.gz/libnl-libnl3_9_0.tar/libnl-libnl3_9_0/tests/check-all.c,SPDXRef-item38479,"LGPL-2.1-only",,"  
  LGPL-2.1-only",NOASSERTION
libnl-libnl3_9_0.tar.gz/libnl-libnl3_9_0.tar/libnl-libnl3_9_0/include/netlink/route/cls/flower.h,SPDXRef-item38874,"LGPL-2.1-only",,"  
  LGPL-2.1-only",NOASSERTION
libnl-libnl3_9_0.tar.gz/libnl-libnl3_9_0.tar/libnl-libnl3_9_0/lib/xfrm/selector.c,SPDXRef-item38610,"LGPL-2.1-only AND LicenseRef-fossology-BSD-3-Clause-b0e11beff03420a501ff6a671498787d",,"  
  LGPL-2.1-only AND   
  BSD-3-Clause",NOASSERTION
libnl-libnl3_9_0.tar.gz/libnl-libnl3_9_0.tar/libnl-libnl3_9_0/lib/route/qdisc/tbf.c,SPDXRef-item38627,"LGPL-2.1-only",,"  
  LGPL-2.1-only",NOASSERTION
libnl-libnl3_9_0.tar.gz/libnl-libnl3_9_0.tar/libnl-libnl3_9_0/src/nf-monitor.c,SPDXRef-item38519,"LGPL-2.1-only",,"  
  LGPL-2.1-only",NOASSERTION
libnl-libnl3_9_0.tar.gz/libnl-libnl3_9_0.tar/libnl-libnl3_9_0/lib/route/link/sit.c,SPDXRef-item38664,"LGPL-2.1-only",,"  
  LGPL-2.1-only",NOASSERTION
libnl-libnl3_9_0.tar.gz/libnl-libnl3_9_0.tar/libnl-libnl3_9_0/tests/cksuite-all-netns.c,SPDXRef-item38474,"LGPL-2.1-only",,"  
  LGPL-2.1-only",NOASSERTION
libnl-libnl3_9_0.tar.gz/libnl-libnl3_9_0.tar/libnl-libnl3_9_0/tests/cksuite-all-addr.c,SPDXRef-item38477,"LGPL-2.1-only",,"  
  LGPL-2.1-only",NOASSERTION
libnl-libnl3_9_0.tar.gz/libnl-libnl3_9_0.tar/libnl-libnl3_9_0/lib/route/nh.c,SPDXRef-item38648,"LGPL-2.1-only",,"  
  LGPL-2.1-only",NOASSERTION
libnl-libnl3_9_0.tar.gz/libnl-libnl3_9_0.tar/libnl-libnl3_9_0/lib/xfrm/template.c,SPDXRef-item38608,"LGPL-2.1-only AND LicenseRef-fossology-BSD-3-Clause-b0e11beff03420a501ff6a671498787d",,"  
  BSD-3-Clause AND   
  LGPL-2.1-only",NOASSERTION
libnl-libnl3_9_0.tar.gz/libnl-libnl3_9_0.tar/libnl-libnl3_9_0/include/netlink/route/action.h,SPDXRef-item38886,"LGPL-2.1-only",,"  
  LGPL-2.1-only",NOASSERTION
libnl-libnl3_9_0.tar.gz/libnl-libnl3_9_0.tar/libnl-libnl3_9_0/lib/route/link/ip6tnl.c,SPDXRef-item38674,"LGPL-2.1-only",,"  
  LGPL-2.1-only",NOASSERTION
libnl-libnl3_9_0.tar.gz/libnl-libnl3_9_0.tar/libnl-libnl3_9_0/lib/route/cls/police.c,SPDXRef-item38690,"LGPL-2.1-only",,"  
  LGPL-2.1-only",NOASSERTION
libnl-libnl3_9_0.tar.gz/libnl-libnl3_9_0.tar/libnl-libnl3_9_0/lib/netfilter/exp.c,SPDXRef-item38732,"LGPL-2.1-only",,"  
  LGPL-2.1-only",NOASSERTION
libnl-libnl3_9_0.tar.gz/libnl-libnl3_9_0.tar/libnl-libnl3_9_0/include/linux-private/linux/lwtunnel.h,SPDXRef-item38994,"GPL-2.0-only-WITH-Linux-syscall-note",,NOASSERTION,NOASSERTION
libnl-libnl3_9_0.tar.gz/libnl-libnl3_9_0.tar/libnl-libnl3_9_0/src/nl-cls-list.c,SPDXRef-item38508,"LGPL-2.1-only",,"  
  LGPL-2.1-only",NOASSERTION
libnl-libnl3_9_0.tar.gz/libnl-libnl3_9_0.tar/libnl-libnl3_9_0/include/netlink/route/route.h,SPDXRef-item38816,"LGPL-2.1-only",,"  
  LGPL-2.1-only",NOASSERTION
libnl-libnl3_9_0.tar.gz/libnl-libnl3_9_0.tar/libnl-libnl3_9_0/lib/cli/qdisc/blackhole.c,SPDXRef-item38767,"LGPL-2.1-only",,"  
  LGPL-2.1-only",NOASSERTION
libnl-libnl3_9_0.tar.gz/libnl-libnl3_9_0.tar/libnl-libnl3_9_0/lib/route/link/macsec.c,SPDXRef-item38667,"LGPL-2.1-only",,"  
  LGPL-2.1-only",NOASSERTION
libnl-libnl3_9_0.tar.gz/libnl-libnl3_9_0.tar/libnl-libnl3_9_0/lib/route/cls.c,SPDXRef-item38705,"LGPL-2.1-only",,"  
  LGPL-2.1-only",NOASSERTION
libnl-libnl3_9_0.tar.gz/libnl-libnl3_9_0.tar/libnl-libnl3_9_0/include/netlink/cli/utils.h,SPDXRef-item38929,"LGPL-2.1-only",,"  
  LGPL-2.1-only",NOASSERTION
libnl-libnl3_9_0.tar.gz/libnl-libnl3_9_0.tar/libnl-libnl3_9_0/include/linux-private/linux/tc_act/tc_skbedit.h,SPDXRef-item38960,"GPL-2.0-only-WITH-Linux-syscall-note",,NOASSERTION,NOASSERTION
libnl-libnl3_9_0.tar.gz/libnl-libnl3_9_0.tar/libnl-libnl3_9_0/include/netlink/cli/nh.h,SPDXRef-item38934,"LGPL-2.1-only",,"  
  LGPL-2.1-only",NOASSERTION
libnl-libnl3_9_0.tar.gz/libnl-libnl3_9_0.tar/libnl-libnl3_9_0/lib/netfilter/log.c,SPDXRef-item38730,"LGPL-2.1-only",,"  
  LGPL-2.1-only",NOASSERTION
libnl-libnl3_9_0.tar.gz/libnl-libnl3_9_0.tar/libnl-libnl3_9_0/include/linux-private/linux/if_macsec.h,SPDXRef-item39007,"GPL-2.0-or-later-WITH-Linux-syscall-note",,NOASSERTION,NOASSERTION
libnl-libnl3_9_0.tar.gz/libnl-libnl3_9_0.tar/libnl-libnl3_9_0/include/linux-private/linux/tc_act/tc_nat.h,SPDXRef-item38961,"GPL-2.0-only-WITH-Linux-syscall-note",,NOASSERTION,NOASSERTION
libnl-libnl3_9_0.tar.gz/libnl-libnl3_9_0.tar/libnl-libnl3_9_0/include/netlink/route/link/inet6.h,SPDXRef-item38860,"LGPL-2.1-only",,"  
  LGPL-2.1-only",NOASSERTION
libnl-libnl3_9_0.tar.gz/libnl-libnl3_9_0.tar/libnl-libnl3_9_0/include/linux-private/linux/atmapi.h,SPDXRef-item39029,"GPL-2.0-only-WITH-Linux-syscall-note",,NOASSERTION,NOASSERTION
libnl-libnl3_9_0.tar.gz/libnl-libnl3_9_0.tar/libnl-libnl3_9_0/include/netlink/netfilter/log.h,SPDXRef-item38904,"LGPL-2.1-only",,"  
  LGPL-2.1-only",NOASSERTION
libnl-libnl3_9_0.tar.gz/libnl-libnl3_9_0.tar/libnl-libnl3_9_0/tests/test-create-ipvti.c,SPDXRef-item38459,"LGPL-2.1-only",,"  
  LGPL-2.1-only",NOASSERTION
libnl-libnl3_9_0.tar.gz/libnl-libnl3_9_0.tar/libnl-libnl3_9_0/lib/msg.c,SPDXRef-item38735,"LGPL-2.1-only",,"  
  LGPL-2.1-only",NOASSERTION
libnl-libnl3_9_0.tar.gz/libnl-libnl3_9_0.tar/libnl-libnl3_9_0/src/nf-ct-add.c,SPDXRef-item38526,"LGPL-2.1-only",,"  
  LGPL-2.1-only",NOASSERTION
libnl-libnl3_9_0.tar.gz/libnl-libnl3_9_0.tar/libnl-libnl3_9_0/include/netlink/route/link/ip6tnl.h,SPDXRef-item38857,"LGPL-2.1-only",,"  
  LGPL-2.1-only",NOASSERTION
libnl-libnl3_9_0.tar.gz/libnl-libnl3_9_0.tar/libnl-libnl3_9_0/lib/genl/mngt.c,SPDXRef-item38750,"LGPL-2.1-only",,"  
  LGPL-2.1-only",NOASSERTION
libnl-libnl3_9_0.tar.gz/libnl-libnl3_9_0.tar/libnl-libnl3_9_0/include/linux-private/linux/if.h,SPDXRef-item39013,"GPL-2.0-or-later-WITH-Linux-syscall-note",,NOASSERTION,NOASSERTION
libnl-libnl3_9_0.tar.gz/libnl-libnl3_9_0.tar/libnl-libnl3_9_0/lib/route/link-sriov.h,SPDXRef-item38687,"LGPL-2.1-only",,"  
  LGPL-2.1-only",NOASSERTION
libnl-libnl3_9_0.tar.gz/libnl-libnl3_9_0.tar/libnl-libnl3_9_0/include/netlink/route/link/macvlan.h,SPDXRef-item38850,"LGPL-2.1-only",,"  
  LGPL-2.1-only",NOASSERTION
libnl-libnl3_9_0.tar.gz/libnl-libnl3_9_0.tar/libnl-libnl3_9_0/include/netlink/route/nh.h,SPDXRef-item38833,"LGPL-2.1-only",,"  
  LGPL-2.1-only",NOASSERTION
libnl-libnl3_9_0.tar.gz/libnl-libnl3_9_0.tar/libnl-libnl3_9_0/tests/test-complex-HTB-with-hash-filters.c,SPDXRef-item38469,"LGPL-2.1-only",,"  
  LGPL-2.1-only",NOASSERTION
libnl-libnl3_9_0.tar.gz/libnl-libnl3_9_0.tar/libnl-libnl3_9_0/src/nl-neigh-add.c,SPDXRef-item38496,"LGPL-2.1-only",,"  
  LGPL-2.1-only",NOASSERTION
libnl-libnl3_9_0.tar.gz/libnl-libnl3_9_0.tar/libnl-libnl3_9_0/include/linux-private/linux/genetlink.h,SPDXRef-item39016,"GPL-2.0-only-WITH-Linux-syscall-note",,NOASSERTION,NOASSERTION
libnl-libnl3_9_0.tar.gz/libnl-libnl3_9_0.tar/libnl-libnl3_9_0/include/netlink/route/link/ppp.h,SPDXRef-item38848,"LGPL-2.1-only",,"  
  LGPL-2.1-only",NOASSERTION
libnl-libnl3_9_0.tar.gz/libnl-libnl3_9_0.tar/libnl-libnl3_9_0/tests/test-create-macvlan.c,SPDXRef-item38457,"LGPL-2.1-only",,"  
  LGPL-2.1-only",NOASSERTION
libnl-libnl3_9_0.tar.gz/libnl-libnl3_9_0.tar/libnl-libnl3_9_0/include/linux-private/linux/netlink.h,SPDXRef-item38979,"GPL-2.0-only-WITH-Linux-syscall-note",,NOASSERTION,NOASSERTION
libnl-libnl3_9_0.tar.gz/libnl-libnl3_9_0.tar/libnl-libnl3_9_0/tests/test-nf-cache-mngr.c,SPDXRef-item38446,"LGPL-2.1-only",,"  
  LGPL-2.1-only",NOASSERTION
libnl-libnl3_9_0.tar.gz/libnl-libnl3_9_0.tar/libnl-libnl3_9_0/lib/route/cls/ematch/meta.c,SPDXRef-item38699,"LGPL-2.1-only",,"  
  LGPL-2.1-only",NOASSERTION
libnl-libnl3_9_0.tar.gz/libnl-libnl3_9_0.tar/libnl-libnl3_9_0/lib/route/cls/cgroup.c,SPDXRef-item38703,"LGPL-2.1-only",,"  
  LGPL-2.1-only",NOASSERTION
libnl-libnl3_9_0.tar.gz/libnl-libnl3_9_0.tar/libnl-libnl3_9_0/include/netlink/route/link/ipvti.h,SPDXRef-item38852,"LGPL-2.1-only",,"  
  LGPL-2.1-only",NOASSERTION
libnl-libnl3_9_0.tar.gz/libnl-libnl3_9_0.tar/libnl-libnl3_9_0/src/nl-route-list.c,SPDXRef-item38484,"LGPL-2.1-only",,"  
  LGPL-2.1-only",NOASSERTION
libnl-libnl3_9_0.tar.gz/libnl-libnl3_9_0.tar/libnl-libnl3_9_0/lib/netfilter/ct_obj.c,SPDXRef-item38733,"LGPL-2.1-only",,"  
  LGPL-2.1-only",NOASSERTION
libnl-libnl3_9_0.tar.gz/libnl-libnl3_9_0.tar/libnl-libnl3_9_0/lib/idiag/idiag_msg_obj.c,SPDXRef-item38742,"LGPL-2.1-only",,"  
  LGPL-2.1-only",NOASSERTION
libnl-libnl3_9_0.tar.gz/libnl-libnl3_9_0.tar/libnl-libnl3_9_0/lib/route/link/ip6gre.c,SPDXRef-item38675,"LGPL-2.1-only",,"  
  LGPL-2.1-only",NOASSERTION
libnl-libnl3_9_0.tar.gz/libnl-libnl3_9_0.tar/libnl-libnl3_9_0/include/netlink/cli/rule.h,SPDXRef-item38931,"LGPL-2.1-only",,"  
  LGPL-2.1-only",NOASSERTION
libnl-libnl3_9_0.tar.gz/libnl-libnl3_9_0.tar/libnl-libnl3_9_0/src/nf-log.c,SPDXRef-item38520,"LGPL-2.1-only",,"  
  LGPL-2.1-only",NOASSERTION
libnl-libnl3_9_0.tar.gz/libnl-libnl3_9_0.tar/libnl-libnl3_9_0/include/linux-private/linux/atm.h,SPDXRef-item39030,"GPL-2.0-only-WITH-Linux-syscall-note",,NOASSERTION,NOASSERTION
libnl-libnl3_9_0.tar.gz/libnl-libnl3_9_0.tar/libnl-libnl3_9_0/lib/route/qdisc/netem.c,SPDXRef-item38632,"LGPL-2.1-only",,"  
  LGPL-2.1-only",NOASSERTION
libnl-libnl3_9_0.tar.gz/libnl-libnl3_9_0.tar/libnl-libnl3_9_0/.clang-format,SPDXRef-item39125,"GPL-2.0-only",,"  
  GPL-2.0-only",NOASSERTION
libnl-libnl3_9_0.tar.gz/libnl-libnl3_9_0.tar/libnl-libnl3_9_0/include/netlink/attr.h,SPDXRef-item38945,"LGPL-2.1-only",,"  
  LGPL-2.1-only",NOASSERTION
libnl-libnl3_9_0.tar.gz/libnl-libnl3_9_0.tar/libnl-libnl3_9_0/include/netlink/cache-api.h,SPDXRef-item38944,"LGPL-2.1-only",,"  
  LGPL-2.1-only",NOASSERTION
libnl-libnl3_9_0.tar.gz/libnl-libnl3_9_0.tar/libnl-libnl3_9_0/include/linux-private/linux/tc_act/tc_gact.h,SPDXRef-item38963,"GPL-2.0-only-WITH-Linux-syscall-note",,NOASSERTION,NOASSERTION
libnl-libnl3_9_0.tar.gz/libnl-libnl3_9_0.tar/libnl-libnl3_9_0/src/nl-class-delete.c,SPDXRef-item38513,"LGPL-2.1-only",,"  
  LGPL-2.1-only",NOASSERTION
libnl-libnl3_9_0.tar.gz/libnl-libnl3_9_0.tar/libnl-libnl3_9_0/include/netlink/route/tc.h,SPDXRef-item38812,"LGPL-2.1-only",,"  
  LGPL-2.1-only",NOASSERTION
libnl-libnl3_9_0.tar.gz/libnl-libnl3_9_0.tar/libnl-libnl3_9_0/src/nl-pktloc-lookup.c,SPDXRef-item38491,"LGPL-2.1-only",,"  
  LGPL-2.1-only",NOASSERTION
libnl-libnl3_9_0.tar.gz/libnl-libnl3_9_0.tar/libnl-libnl3_9_0/lib/route/qdisc/sfq.c,SPDXRef-item38628,"LGPL-2.1-only",,"  
  LGPL-2.1-only",NOASSERTION
libnl-libnl3_9_0.tar.gz/libnl-libnl3_9_0.tar/libnl-libnl3_9_0/lib/cli/cls/cgroup.c,SPDXRef-item38770,"LGPL-2.1-only",,"  
  LGPL-2.1-only",NOASSERTION
libnl-libnl3_9_0.tar.gz/libnl-libnl3_9_0.tar/libnl-libnl3_9_0/src/nf-queue.c,SPDXRef-item38518,"LGPL-2.1-only",,"  
  LGPL-2.1-only",NOASSERTION
libnl-libnl3_9_0.tar.gz/libnl-libnl3_9_0.tar/libnl-libnl3_9_0/lib/mpls.c,SPDXRef-item38737,"LGPL-2.1-only",,"  
  LGPL-2.1-only",NOASSERTION
libnl-libnl3_9_0.tar.gz/libnl-libnl3_9_0.tar/libnl-libnl3_9_0/include/netlink/route/link/bridge.h,SPDXRef-item38865,"LGPL-2.1-only",,"  
  LGPL-2.1-only",NOASSERTION
libnl-libnl3_9_0.tar.gz/libnl-libnl3_9_0.tar/libnl-libnl3_9_0/lib/cli/qdisc/plug.c,SPDXRef-item38761,"LGPL-2.1-only",,"  
  LGPL-2.1-only",NOASSERTION
libnl-libnl3_9_0.tar.gz/libnl-libnl3_9_0.tar/libnl-libnl3_9_0/include/netlink/route/cls/police.h,SPDXRef-item38871,"LGPL-2.1-only",,"  
  LGPL-2.1-only",NOASSERTION
libnl-libnl3_9_0.tar.gz/libnl-libnl3_9_0.tar/libnl-libnl3_9_0/tests/test-genl.c,SPDXRef-item38448,"LGPL-2.1-only",,"  
  LGPL-2.1-only",NOASSERTION
libnl-libnl3_9_0.tar.gz/libnl-libnl3_9_0.tar/libnl-libnl3_9_0/tests/test-loopback-up-down.c,SPDXRef-item38447,"LGPL-2.1-only",,"  
  LGPL-2.1-only",NOASSERTION
libnl-libnl3_9_0.tar.gz/libnl-libnl3_9_0.tar/libnl-libnl3_9_0/include/netlink/genl/ctrl.h,SPDXRef-item38922,"LGPL-2.1-only",,"  
  LGPL-2.1-only",NOASSERTION
libnl-libnl3_9_0.tar.gz/libnl-libnl3_9_0.tar/libnl-libnl3_9_0/lib/hash.c,SPDXRef-item38746,"LGPL-2.1-only AND LicenseRef-fossology-Public-domain",,"  
  LGPL-2.1-only AND   
  LicenseRef-fossology-Public-domain",NOASSERTION
libnl-libnl3_9_0.tar.gz/libnl-libnl3_9_0.tar/libnl-libnl3_9_0/lib/route/neigh.c,SPDXRef-item38654,"LGPL-2.1-only",,"  
  LGPL-2.1-only",NOASSERTION
libnl-libnl3_9_0.tar.gz/libnl-libnl3_9_0.tar/libnl-libnl3_9_0/include/netlink/route/netconf.h,SPDXRef-item38835,"LGPL-2.1-only",,"  
  LGPL-2.1-only",NOASSERTION
libnl-libnl3_9_0.tar.gz/libnl-libnl3_9_0.tar/libnl-libnl3_9_0/src/nl-link-list.c,SPDXRef-item38504,"LGPL-2.1-only",,"  
  LGPL-2.1-only",NOASSERTION
libnl-libnl3_9_0.tar.gz/libnl-libnl3_9_0.tar/libnl-libnl3_9_0/src/lib/utils.c,SPDXRef-item38528,"LGPL-2.1-only",,"  
  LGPL-2.1-only",NOASSERTION
libnl-libnl3_9_0.tar.gz/libnl-libnl3_9_0.tar/libnl-libnl3_9_0/src/nl-list-sockets.c,SPDXRef-item38498,"LGPL-2.1-only",,"  
  LGPL-2.1-only",NOASSERTION
libnl-libnl3_9_0.tar.gz/libnl-libnl3_9_0.tar/libnl-libnl3_9_0/src/lib/nh.c,SPDXRef-item38533,"LGPL-2.1-only",,"  
  LGPL-2.1-only",NOASSERTION
libnl-libnl3_9_0.tar.gz/libnl-libnl3_9_0.tar/libnl-libnl3_9_0/include/netlink/route/tc-api.h,SPDXRef-item38813,"LGPL-2.1-only",,"  
  LGPL-2.1-only",NOASSERTION
libnl-libnl3_9_0.tar.gz/libnl-libnl3_9_0.tar/libnl-libnl3_9_0/include/linux-private/linux/hdlc/ioctl.h,SPDXRef-item39015,"GPL-2.0-only-WITH-Linux-syscall-note",,NOASSERTION,NOASSERTION
libnl-libnl3_9_0.tar.gz/libnl-libnl3_9_0.tar/libnl-libnl3_9_0/include/netlink/genl/mngt.h,SPDXRef-item38919,"LGPL-2.1-only",,"  
  LGPL-2.1-only",NOASSERTION
libnl-libnl3_9_0.tar.gz/libnl-libnl3_9_0.tar/libnl-libnl3_9_0/lib/route/link/link-api.h,SPDXRef-item38668,"LGPL-2.1-only",,"  
  LGPL-2.1-only",NOASSERTION
libnl-libnl3_9_0.tar.gz/libnl-libnl3_9_0.tar/libnl-libnl3_9_0/include/linux-private/linux/fib_rules.h,SPDXRef-item39018,"GPL-2.0-only-WITH-Linux-syscall-note",,NOASSERTION,NOASSERTION
libnl-libnl3_9_0.tar.gz/libnl-libnl3_9_0.tar/libnl-libnl3_9_0/tests/test-create-ipvlan.c,SPDXRef-item38460,"LGPL-2.1-only",,"  
  LGPL-2.1-only",NOASSERTION
libnl-libnl3_9_0.tar.gz/libnl-libnl3_9_0.tar/libnl-libnl3_9_0/include/netlink/route/cls/ematch/nbyte.h,SPDXRef-item38877,"LGPL-2.1-only",,"  
  LGPL-2.1-only",NOASSERTION
libnl-libnl3_9_0.tar.gz/libnl-libnl3_9_0.tar/libnl-libnl3_9_0/lib/netfilter/queue_obj.c,SPDXRef-item38720,"LGPL-2.1-only",,"  
  LGPL-2.1-only",NOASSERTION
libnl-libnl3_9_0.tar.gz/libnl-libnl3_9_0.tar/libnl-libnl3_9_0/src/lib/link.c,SPDXRef-item38535,"LGPL-2.1-only",,"  
  LGPL-2.1-only",NOASSERTION
libnl-libnl3_9_0.tar.gz/libnl-libnl3_9_0.tar/libnl-libnl3_9_0/src/nl-addr-list.c,SPDXRef-item38515,"LGPL-2.1-only",,"  
  LGPL-2.1-only",NOASSERTION
libnl-libnl3_9_0.tar.gz/libnl-libnl3_9_0.tar/libnl-libnl3_9_0/include/netlink/route/qdisc/hfsc.h,SPDXRef-item38826,"LGPL-2.1-only",,"  
  LGPL-2.1-only",NOASSERTION
libnl-libnl3_9_0.tar.gz/libnl-libnl3_9_0.tar/libnl-libnl3_9_0/tests/test-create-bridge.c,SPDXRef-item38467,"LGPL-2.1-only",,"  
  LGPL-2.1-only",NOASSERTION
libnl-libnl3_9_0.tar.gz/libnl-libnl3_9_0.tar/libnl-libnl3_9_0/include/netlink/route/classifier.h,SPDXRef-item38883,"LGPL-2.1-only",,"  
  LGPL-2.1-only",NOASSERTION
libnl-libnl3_9_0.tar.gz/libnl-libnl3_9_0.tar/libnl-libnl3_9_0/include/linux-private/linux/tc_act/tc_mirred.h,SPDXRef-item38962,"GPL-2.0-only-WITH-Linux-syscall-note",,NOASSERTION,NOASSERTION
libnl-libnl3_9_0.tar.gz/libnl-libnl3_9_0.tar/libnl-libnl3_9_0/src/nl-classid-lookup.c,SPDXRef-item38511,"LGPL-2.1-only",,"  
  LGPL-2.1-only",NOASSERTION
libnl-libnl3_9_0.tar.gz/libnl-libnl3_9_0.tar/libnl-libnl3_9_0/include/netlink/route/link/sriov.h,SPDXRef-item38846,"LGPL-2.1-only",,"  
  LGPL-2.1-only",NOASSERTION
libnl-libnl3_9_0.tar.gz/libnl-libnl3_9_0.tar/libnl-libnl3_9_0/include/netlink/route/act/nat.h,SPDXRef-item38890,"LGPL-2.1-only",,"  
  LGPL-2.1-only",NOASSERTION
libnl-libnl3_9_0.tar.gz/libnl-libnl3_9_0.tar/libnl-libnl3_9_0/lib/route/qdisc/hfsc.c,SPDXRef-item38636,"LGPL-2.1-only",,"  
  LGPL-2.1-only",NOASSERTION
libnl-libnl3_9_0.tar.gz/libnl-libnl3_9_0.tar/libnl-libnl3_9_0/include/netlink/route/link/inet.h,SPDXRef-item38861,"LGPL-2.1-only",,"  
  LGPL-2.1-only",NOASSERTION
libnl-libnl3_9_0.tar.gz/libnl-libnl3_9_0.tar/libnl-libnl3_9_0/tests/test-create-ipgre.c,SPDXRef-item38463,"LGPL-2.1-only",,"  
  LGPL-2.1-only",NOASSERTION
libnl-libnl3_9_0.tar.gz/libnl-libnl3_9_0.tar/libnl-libnl3_9_0/include/linux-private/linux/neighbour.h,SPDXRef-item38991,"GPL-2.0-only-WITH-Linux-syscall-note",,NOASSERTION,NOASSERTION
libnl-libnl3_9_0.tar.gz/libnl-libnl3_9_0.tar/libnl-libnl3_9_0/tests/test-create-ip6tnl.c,SPDXRef-item38464,"LGPL-2.1-only",,"  
  LGPL-2.1-only",NOASSERTION
libnl-libnl3_9_0.tar.gz/libnl-libnl3_9_0.tar/libnl-libnl3_9_0/lib/netfilter/exp_obj.c,SPDXRef-item38731,"LGPL-2.1-only",,"  
  LGPL-2.1-only",NOASSERTION
libnl-libnl3_9_0.tar.gz/libnl-libnl3_9_0.tar/libnl-libnl3_9_0/include/netlink/msg.h,SPDXRef-item38907,"LGPL-2.1-only",,"  
  LGPL-2.1-only",NOASSERTION
libnl-libnl3_9_0.tar.gz/libnl-libnl3_9_0.tar/libnl-libnl3_9_0/include/netlink/xfrm/lifetime.h,SPDXRef-item38805,"LicenseRef-fossology-BSD-3-Clause-b0e11beff03420a501ff6a671498787d",,"  
  BSD-3-Clause",NOASSERTION
libnl-libnl3_9_0.tar.gz/libnl-libnl3_9_0.tar/libnl-libnl3_9_0/include/netlink/route/cls/matchall.h,SPDXRef-item38872,"LGPL-2.1-only",,"  
  LGPL-2.1-only",NOASSERTION
libnl-libnl3_9_0.tar.gz/libnl-libnl3_9_0.tar/libnl-libnl3_9_0/include/netlink/route/link/sit.h,SPDXRef-item38847,"LGPL-2.1-only",,"  
  LGPL-2.1-only",NOASSERTION
libnl-libnl3_9_0.tar.gz/libnl-libnl3_9_0.tar/libnl-libnl3_9_0/lib/route/link/dummy.c,SPDXRef-item38680,"LGPL-2.1-only",,"  
  LGPL-2.1-only",NOASSERTION
libnl-libnl3_9_0.tar.gz/libnl-libnl3_9_0.tar/libnl-libnl3_9_0/include/netlink/errno.h,SPDXRef-item38926,"LGPL-2.1-only",,"  
  LGPL-2.1-only",NOASSERTION
libnl-libnl3_9_0.tar.gz/libnl-libnl3_9_0.tar/libnl-libnl3_9_0/lib/netfilter/netfilter.c,SPDXRef-item38726,"LGPL-2.1-only",,"  
  LGPL-2.1-only",NOASSERTION
libnl-libnl3_9_0.tar.gz/libnl-libnl3_9_0.tar/libnl-libnl3_9_0/lib/cli/qdisc/ingress.c,SPDXRef-item38763,"LGPL-2.1-only",,"  
  LGPL-2.1-only",NOASSERTION
libnl-libnl3_9_0.tar.gz/libnl-libnl3_9_0.tar/libnl-libnl3_9_0/lib/route/route_utils.c,SPDXRef-item38623,"LGPL-2.1-only",,"  
  LGPL-2.1-only",NOASSERTION
libnl-libnl3_9_0.tar.gz/libnl-libnl3_9_0.tar/libnl-libnl3_9_0/include/linux-private/linux/pkt_cls.h,SPDXRef-item38977,"GPL-2.0-only-WITH-Linux-syscall-note",,NOASSERTION,NOASSERTION
libnl-libnl3_9_0.tar.gz/libnl-libnl3_9_0.tar/libnl-libnl3_9_0/include/netlink/route/link/vrf.h,SPDXRef-item38842,"LGPL-2.1-only",,"  
  LGPL-2.1-only",NOASSERTION
libnl-libnl3_9_0.tar.gz/libnl-libnl3_9_0.tar/libnl-libnl3_9_0/tests/test-cache-mngr.c,SPDXRef-item38470,"LGPL-2.1-only",,"  
  LGPL-2.1-only",NOASSERTION
libnl-libnl3_9_0.tar.gz/libnl-libnl3_9_0.tar/libnl-libnl3_9_0/lib/route/nexthop_encap.c,SPDXRef-item38649,"LGPL-2.1-only",,"  
  LGPL-2.1-only",NOASSERTION
libnl-libnl3_9_0.tar.gz/libnl-libnl3_9_0.tar/libnl-libnl3_9_0/lib/route/link/bridge_info.c,SPDXRef-item38682,"LGPL-2.1-only",,"  
  LGPL-2.1-only",NOASSERTION
libnl-libnl3_9_0.tar.gz/libnl-libnl3_9_0.tar/libnl-libnl3_9_0/src/nl-link-release.c,SPDXRef-item38502,"LGPL-2.1-only",,"  
  LGPL-2.1-only",NOASSERTION
libnl-libnl3_9_0.tar.gz/libnl-libnl3_9_0.tar/libnl-libnl3_9_0/lib/cache_mngt.c,SPDXRef-item38772,"LGPL-2.1-only",,"  
  LGPL-2.1-only",NOASSERTION
libnl-libnl3_9_0.tar.gz/libnl-libnl3_9_0.tar/libnl-libnl3_9_0/include/linux-private/linux/ip.h,SPDXRef-item38998,"GPL-2.0-or-later-WITH-Linux-syscall-note",,NOASSERTION,NOASSERTION
libnl-libnl3_9_0.tar.gz/libnl-libnl3_9_0.tar/libnl-libnl3_9_0/include/linux-private/linux/if_packet.h,SPDXRef-item39006,"GPL-2.0-only-WITH-Linux-syscall-note",,NOASSERTION,NOASSERTION
libnl-libnl3_9_0.tar.gz/libnl-libnl3_9_0.tar/libnl-libnl3_9_0/include/netlink/route/qdisc/mqprio.h,SPDXRef-item38824,"LGPL-2.1-only",,"  
  LGPL-2.1-only",NOASSERTION
libnl-libnl3_9_0.tar.gz/libnl-libnl3_9_0.tar/libnl-libnl3_9_0/include/netlink/route/link/xfrmi.h,SPDXRef-item38840,"LGPL-2.1-only",,"  
  LGPL-2.1-only",NOASSERTION
libnl-libnl3_9_0.tar.gz/libnl-libnl3_9_0.tar/libnl-libnl3_9_0/lib/route/link/ip6vti.c,SPDXRef-item38673,"LGPL-2.1-only",,"  
  LGPL-2.1-only",NOASSERTION
libnl-libnl3_9_0.tar.gz/libnl-libnl3_9_0.tar/libnl-libnl3_9_0/lib/route/qdisc/prio.c,SPDXRef-item38630,"LGPL-2.1-only",,"  
  LGPL-2.1-only",NOASSERTION
libnl-libnl3_9_0.tar.gz/libnl-libnl3_9_0.tar/libnl-libnl3_9_0/include/netlink/idiag/idiagnl.h,SPDXRef-item38914,"LGPL-2.1-only",,"  
  LGPL-2.1-only",NOASSERTION
libnl-libnl3_9_0.tar.gz/libnl-libnl3_9_0.tar/libnl-libnl3_9_0/lib/route/addr.c,SPDXRef-item38708,"LGPL-2.1-only",,"  
  LGPL-2.1-only",NOASSERTION
libnl-libnl3_9_0.tar.gz/libnl-libnl3_9_0.tar/libnl-libnl3_9_0/include/linux-private/linux/veth.h,SPDXRef-item38950,"GPL-2.0-only-WITH-Linux-syscall-note",,NOASSERTION,NOASSERTION
libnl-libnl3_9_0.tar.gz/libnl-libnl3_9_0.tar/libnl-libnl3_9_0/include/netlink/fib_lookup/request.h,SPDXRef-item38924,"LGPL-2.1-only",,"  
  LGPL-2.1-only",NOASSERTION
libnl-libnl3_9_0.tar.gz/libnl-libnl3_9_0.tar/libnl-libnl3_9_0/include/linux-private/linux/netfilter/nfnetlink_conntrack.h,SPDXRef-item38983,"GPL-2.0-only-WITH-Linux-syscall-note",,NOASSERTION,NOASSERTION
libnl-libnl3_9_0.tar.gz/libnl-libnl3_9_0.tar/libnl-libnl3_9_0/lib/route/nexthop.c,SPDXRef-item38650,"LGPL-2.1-only",,"  
  LGPL-2.1-only",NOASSERTION
libnl-libnl3_9_0.tar.gz/libnl-libnl3_9_0.tar/libnl-libnl3_9_0/src/nl-fib-lookup.c,SPDXRef-item38507,"LGPL-2.1-only",,"  
  LGPL-2.1-only",NOASSERTION
libnl-libnl3_9_0.tar.gz/libnl-libnl3_9_0.tar/libnl-libnl3_9_0/lib/cache.c,SPDXRef-item38774,"LGPL-2.1-only",,"  
  LGPL-2.1-only",NOASSERTION
libnl-libnl3_9_0.tar.gz/libnl-libnl3_9_0.tar/libnl-libnl3_9_0/include/netlink/route/link/bridge_info.h,SPDXRef-item38864,"LGPL-2.1-only",,"  
  LGPL-2.1-only",NOASSERTION
libnl-libnl3_9_0.tar.gz/libnl-libnl3_9_0.tar/libnl-libnl3_9_0/doc/COPYING,SPDXRef-item39111,"License-of-GNU-Licenses",,NOASSERTION,NOASSERTION
libnl-libnl3_9_0.tar.gz/libnl-libnl3_9_0.tar/libnl-libnl3_9_0/lib/netfilter/log_msg.c,SPDXRef-item38729,"LGPL-2.1-only",,"  
  LGPL-2.1-only",NOASSERTION
libnl-libnl3_9_0.tar.gz/libnl-libnl3_9_0.tar/libnl-libnl3_9_0/include/linux-private/linux/atmioc.h,SPDXRef-item39028,"GPL-2.0-only-WITH-Linux-syscall-note",,NOASSERTION,NOASSERTION
libnl-libnl3_9_0.tar.gz/libnl-libnl3_9_0.tar/libnl-libnl3_9_0/lib/route/qdisc/htb.c,SPDXRef-item38635,"LGPL-2.1-only",,"  
  LGPL-2.1-only",NOASSERTION
libnl-libnl3_9_0.tar.gz/libnl-libnl3_9_0.tar/libnl-libnl3_9_0/include/netlink/cli/cls.h,SPDXRef-item38940,"LGPL-2.1-only",,"  
  LGPL-2.1-only",NOASSERTION
libnl-libnl3_9_0.tar.gz/libnl-libnl3_9_0.tar/libnl-libnl3_9_0/include/netlink/route/neighbour.h,SPDXRef-item38837,"LGPL-2.1-only",,"  
  LGPL-2.1-only",NOASSERTION
libnl-libnl3_9_0.tar.gz/libnl-libnl3_9_0.tar/libnl-libnl3_9_0/include/netlink/hashtable.h,SPDXRef-item38915,"LGPL-2.1-only",,"  
  LGPL-2.1-only",NOASSERTION
libnl-libnl3_9_0.tar.gz/libnl-libnl3_9_0.tar/libnl-libnl3_9_0/include/netlink/genl/genl.h,SPDXRef-item38920,"LGPL-2.1-only",,"  
  LGPL-2.1-only",NOASSERTION
libnl-libnl3_9_0.tar.gz/libnl-libnl3_9_0.tar/libnl-libnl3_9_0/include/netlink/route/neightbl.h,SPDXRef-item38836,"LGPL-2.1-only",,"  
  LGPL-2.1-only",NOASSERTION
libnl-libnl3_9_0.tar.gz/libnl-libnl3_9_0.tar/libnl-libnl3_9_0/include/netlink/netfilter/nfnl.h,SPDXRef-item38901,"LGPL-2.1-only",,"  
  LGPL-2.1-only",NOASSERTION
libnl-libnl3_9_0.tar.gz/libnl-libnl3_9_0.tar/libnl-libnl3_9_0/lib/route/route_obj.c,SPDXRef-item38624,"LGPL-2.1-only",,"  
  LGPL-2.1-only",NOASSERTION
libnl-libnl3_9_0.tar.gz/libnl-libnl3_9_0.tar/libnl-libnl3_9_0/lib/route/route.c,SPDXRef-item38625,"LGPL-2.1-only",,"  
  LGPL-2.1-only",NOASSERTION
libnl-libnl3_9_0.tar.gz/libnl-libnl3_9_0.tar/libnl-libnl3_9_0/src/lib/neigh.c,SPDXRef-item38534,"LGPL-2.1-only",,"  
  LGPL-2.1-only",NOASSERTION
libnl-libnl3_9_0.tar.gz/libnl-libnl3_9_0.tar/libnl-libnl3_9_0/include/linux-private/linux/libc-compat.h,SPDXRef-item38996,"GPL-2.0-only-WITH-Linux-syscall-note",,NOASSERTION,NOASSERTION
libnl-libnl3_9_0.tar.gz/libnl-libnl3_9_0.tar/libnl-libnl3_9_0/lib/route/qdisc/ingress.c,SPDXRef-item38634,"LGPL-2.1-only",,"  
  LGPL-2.1-only",NOASSERTION
libnl-libnl3_9_0.tar.gz/libnl-libnl3_9_0.tar/libnl-libnl3_9_0/include/nl-default.h,SPDXRef-item38789,"LGPL-2.1-only",,"  
  LGPL-2.1-only",NOASSERTION
libnl-libnl3_9_0.tar.gz/libnl-libnl3_9_0.tar/libnl-libnl3_9_0/lib/cli/qdisc/bfifo.c,SPDXRef-item38768,"LGPL-2.1-only",,"  
  LGPL-2.1-only",NOASSERTION
libnl-libnl3_9_0.tar.gz/libnl-libnl3_9_0.tar/libnl-libnl3_9_0/include/netlink/route/qdisc/netem.h,SPDXRef-item38823,"LGPL-2.1-only",,"  
  LGPL-2.1-only",NOASSERTION
libnl-libnl3_9_0.tar.gz/libnl-libnl3_9_0.tar/libnl-libnl3_9_0/include/netlink/cli/neigh.h,SPDXRef-item38935,"LGPL-2.1-only",,"  
  LGPL-2.1-only",NOASSERTION
libnl-libnl3_9_0.tar.gz/libnl-libnl3_9_0.tar/libnl-libnl3_9_0/src/lib/tc.c,SPDXRef-item38529,"LGPL-2.1-only",,"  
  LGPL-2.1-only",NOASSERTION
libnl-libnl3_9_0.tar.gz/libnl-libnl3_9_0.tar/libnl-libnl3_9_0/include/netlink/route/link.h,SPDXRef-item38868,"LGPL-2.1-only",,"  
  LGPL-2.1-only",NOASSERTION
libnl-libnl3_9_0.tar.gz/libnl-libnl3_9_0.tar/libnl-libnl3_9_0/src/genl-ctrl-list.c,SPDXRef-item38542,"LGPL-2.1-only",,"  
  LGPL-2.1-only",NOASSERTION
libnl-libnl3_9_0.tar.gz/libnl-libnl3_9_0.tar/libnl-libnl3_9_0/lib/route/qdisc/dsmark.c,SPDXRef-item38639,"LGPL-2.1-only",,"  
  LGPL-2.1-only",NOASSERTION



